Customer_ID,Age,Annual_Income,Monthly_Spending,Purchase_Frequency,Avg_Order_Value,Days_Since_Last_Purchase,Total_Items_Purchased,Returns_Count,Satisfaction_Score,Tenure_Months,Discount_Usage,Website_Visits,Email_Opens,Mobile_App_Usage,Social_Media_Engagement,Referral_Count,Loyalty_Points,Avg_Session_Length,Cart_Abandonment,Review_Count,Payment_Method
1,56,49674,2158,19,194,129,433,4,4,51,1,43,29,13,15,4,1283,48,11,1,Card
2,69,50854,1424,42,42,55,387,8,1,28,6,57,43,7,12,3,2846,52,3,18,UPI
3,46,61271,828,35,232,3,105,3,4,31,3,50,45,37,2,4,2233,38,14,16,Cash
4,32,88688,2948,46,424,166,466,5,2,11,10,68,9,11,1,4,4088,27,8,10,Card
5,60,53518,2143,26,254,121,238,1,4,23,1,81,18,25,15,4,1432,36,7,16,Cash
6,25,25267,201,5,32,129,211,1,5,57,15,50,28,26,5,2,3140,48,11,9,NetBanking
7,38,105825,1515,29,120,102,221,1,3,2,6,37,1,28,5,6,1796,23,14,17,Cash
8,56,16062,878,37,436,38,15,9,1,40,12,46,35,14,12,2,4722,55,1,5,Cash
9,36,65448,313,20,43,85,121,6,5,41,4,42,18,0,6,1,2055,21,7,15,Cash
10,40,110462,1211,49,383,157,385,1,5,27,16,15,6,27,4,2,3336,13,0,17,Cash
11,28,21229,1676,21,30,133,388,1,2,35,11,33,25,2,6,2,782,37,8,19,NetBanking
12,28,71793,2548,10,292,92,456,8,3,2,18,80,14,17,1,7,1507,47,8,17,Card
13,41,62915,2735,5,471,21,332,6,3,39,6,11,46,33,16,3,4870,26,12,0,Cash
14,53,19632,1795,36,450,109,115,2,1,37,5,20,37,31,12,2,3854,40,14,2,Card
15,57,119592,691,6,300,47,148,2,2,21,7,24,2,28,15,9,676,7,7,14,UPI
16,41,18596,1433,26,113,84,308,6,1,58,12,64,37,24,19,4,1830,46,10,19,Cash
17,20,21168,1209,4,220,83,410,4,4,5,4,80,15,25,1,3,4090,39,4,9,Cash
18,39,22561,2239,39,40,35,105,9,5,52,1,94,1,38,4,8,4306,22,4,4,UPI
19,19,88794,2820,39,359,69,397,5,1,45,8,98,30,7,17,7,1360,39,12,14,Card
20,41,97152,813,35,486,129,456,7,5,21,10,65,27,18,6,6,4585,23,2,13,NetBanking
21,61,41734,1035,1,230,140,461,8,2,29,5,88,6,21,10,7,2686,58,4,14,Cash
22,47,21371,2051,24,159,27,346,0,4,20,6,88,29,28,10,4,190,30,3,9,UPI
23,55,41069,341,36,312,56,306,2,2,38,6,73,42,32,16,3,842,18,0,8,UPI
24,19,94905,2143,6,317,23,476,6,4,20,18,86,6,37,15,6,334,42,8,11,Cash
25,38,27910,101,41,420,153,398,5,4,50,5,76,35,34,12,0,1110,18,14,6,Card
26,50,88479,2372,46,120,21,425,6,5,25,10,17,28,2,4,5,578,46,9,4,Card
27,29,92735,2948,44,323,61,223,7,2,2,10,89,23,18,19,7,61,10,13,9,Cash
28,39,96264,1868,31,378,63,463,5,2,57,6,92,38,9,15,6,386,39,3,7,UPI
29,61,38275,2049,20,47,122,300,2,1,32,1,61,3,26,15,1,1169,30,2,19,Cash
30,42,87274,2736,24,60,52,31,1,2,26,18,15,28,14,15,6,2200,26,5,15,NetBanking
31,66,96449,2263,25,374,88,202,6,1,6,3,94,43,10,13,5,4714,7,0,11,NetBanking
32,44,115776,1017,36,322,153,477,0,3,41,5,51,4,25,5,4,1683,7,4,8,Card
33,59,75004,2341,21,165,55,159,2,3,57,16,27,28,23,1,3,486,5,14,9,NetBanking
34,45,77981,189,30,275,46,377,3,3,3,4,86,29,12,13,0,3732,1,6,15,UPI
35,33,99659,1809,24,481,32,256,0,2,33,6,74,28,31,15,1,540,46,1,9,NetBanking
36,32,69553,2269,44,246,55,276,4,2,1,8,61,25,36,19,6,2060,18,9,8,Cash
37,64,63447,242,42,255,96,470,9,1,51,0,58,18,3,12,9,4246,13,8,2,UPI
38,68,49529,205,30,380,133,260,2,4,5,0,31,25,12,14,2,1238,25,11,18,Card
39,61,90703,986,22,399,36,499,1,1,13,18,91,36,8,11,4,990,40,14,10,Card
40,69,91090,527,28,474,110,12,2,3,19,5,12,26,33,8,7,4467,8,5,5,NetBanking
41,20,32260,1428,7,32,177,402,7,1,12,17,46,29,36,17,7,2299,10,1,5,Card
42,54,18812,1995,35,229,106,325,5,4,48,9,31,29,6,13,5,3907,32,7,14,Cash
43,68,43024,2094,28,248,58,85,6,2,25,10,32,2,0,19,4,4288,17,7,14,UPI
44,24,73656,416,14,416,39,96,5,1,57,0,32,42,11,3,1,1080,38,0,12,Cash
45,38,42285,2086,10,119,80,279,5,3,51,0,99,6,20,7,8,197,15,11,4,Cash
46,26,107436,734,16,50,97,234,2,3,35,12,53,48,10,7,0,2194,15,0,13,Cash
47,56,16605,2025,16,405,113,27,7,2,12,4,61,8,13,15,1,1598,57,0,1,Cash
48,35,86158,2156,31,35,61,122,6,1,30,19,46,40,33,9,0,1600,48,11,11,UPI
49,21,87303,2921,42,156,137,260,6,4,5,0,85,41,33,16,3,3692,40,3,19,UPI
50,42,42139,2370,25,348,6,242,5,2,34,19,74,12,24,0,3,3865,51,3,13,Cash
51,31,92149,1539,13,185,109,338,4,1,22,2,80,14,3,17,4,683,20,7,18,Cash
52,67,71138,652,6,478,35,288,9,5,39,17,7,4,25,9,4,3083,15,0,19,Card
53,26,91125,815,44,329,39,211,7,3,13,8,4,28,15,3,7,3989,35,9,14,Card
54,43,28918,1387,9,459,150,92,4,4,57,13,91,34,9,0,2,332,6,2,19,UPI
55,19,100655,1813,45,489,169,134,8,4,47,16,52,26,1,3,5,1771,30,10,16,Card
56,37,42446,1983,36,119,118,184,8,4,54,13,89,26,34,3,2,4200,57,0,13,UPI
57,45,28046,1207,43,128,5,78,0,3,3,3,31,7,18,3,1,2721,8,8,17,UPI
58,64,39818,1441,20,362,170,56,5,1,53,4,75,31,5,16,7,806,31,9,4,NetBanking
59,24,115894,210,18,192,87,381,6,2,20,16,84,19,18,8,0,1064,48,11,11,UPI
60,61,19324,350,43,256,76,265,2,1,31,1,36,9,7,18,8,888,47,8,9,Card
61,25,91323,2530,21,181,158,224,6,2,5,4,54,12,13,12,6,2923,32,6,7,NetBanking
62,64,24111,2154,4,412,57,39,6,4,24,3,54,28,9,3,9,320,45,12,5,Card
63,52,53110,558,33,235,127,290,1,1,40,3,17,34,2,4,3,3957,58,11,14,UPI
64,31,31389,1207,27,283,29,421,6,4,54,5,75,7,37,12,2,2382,52,14,11,UPI
65,34,56427,307,7,282,165,491,0,5,33,19,30,28,28,15,5,3231,15,7,5,Cash
66,53,94579,999,6,311,87,246,4,4,8,12,99,30,14,4,8,2311,18,0,11,UPI
67,67,43746,121,15,293,141,257,8,4,24,4,22,40,22,7,8,3601,13,4,14,NetBanking
68,57,102886,509,18,22,160,377,6,2,50,6,43,29,22,15,3,1500,24,14,11,UPI
69,21,15117,994,32,47,46,34,6,5,20,19,27,21,17,0,9,1568,40,13,8,Cash
70,19,99471,614,11,345,116,83,1,4,16,0,37,20,18,5,4,3281,14,1,18,UPI
71,23,28234,908,20,447,112,215,7,4,50,13,46,11,27,10,8,1519,28,12,1,UPI
72,59,118864,973,24,168,151,499,2,5,52,3,35,10,25,15,1,1918,11,0,12,UPI
73,21,68441,113,15,47,45,323,7,5,12,16,4,1,9,4,1,4089,6,2,12,Cash
74,46,15846,1070,48,329,145,103,2,1,13,13,80,49,3,15,4,1865,56,6,7,Card
75,35,25954,2234,7,457,104,384,9,2,45,15,80,40,1,6,0,1405,25,0,12,UPI
76,43,94239,1660,21,84,85,136,6,5,42,13,85,1,2,18,7,2723,1,10,3,NetBanking
77,61,61514,1424,42,375,134,434,1,5,39,15,26,33,6,0,4,4,25,1,5,Cash
78,51,103236,1366,26,40,108,34,3,3,25,19,19,2,15,8,9,1168,2,1,5,NetBanking
79,27,112579,2269,44,271,18,343,5,5,46,7,81,15,30,17,1,2398,32,3,11,UPI
80,53,21469,849,14,254,94,364,8,2,32,2,45,3,9,12,8,2630,13,14,11,Cash
81,31,45105,784,37,246,150,125,4,4,24,18,26,22,18,14,1,347,33,11,16,UPI
82,48,57101,2027,21,32,33,57,8,4,48,0,22,49,27,2,6,4220,32,2,6,NetBanking
83,65,79323,2456,18,332,158,235,4,4,47,1,58,19,16,9,7,1813,56,2,14,Cash
84,32,106922,794,5,68,126,275,9,4,44,14,63,24,27,8,5,3342,24,9,16,Card
85,25,73067,2435,3,137,160,108,7,3,9,9,28,29,18,12,6,2574,27,4,9,Card
86,31,64376,406,23,73,170,468,0,5,40,17,65,17,36,15,0,3825,4,2,19,Card
87,40,60587,2089,26,157,122,20,6,4,50,13,44,41,22,2,3,4593,24,10,5,UPI
88,57,51976,761,37,72,138,94,3,1,23,16,43,10,19,14,6,52,23,6,8,Cash
89,38,119587,648,24,63,115,414,4,4,50,12,37,28,12,16,0,148,29,4,14,NetBanking
90,33,82584,411,49,322,164,223,5,5,13,0,66,16,12,13,0,502,34,3,15,NetBanking
91,62,119537,1182,19,72,162,182,4,4,59,4,17,25,10,6,5,869,21,11,7,UPI
92,35,93477,1837,25,93,28,400,0,3,32,12,40,22,14,19,3,3521,30,2,15,UPI
93,64,57533,854,21,65,11,218,8,2,50,13,38,47,16,15,2,4314,26,14,4,NetBanking
94,41,16828,134,12,32,167,457,1,2,15,2,85,19,27,7,4,3871,20,11,17,Cash
95,43,16917,544,41,184,47,391,8,5,36,14,61,44,18,3,8,1300,16,3,19,UPI
96,42,35618,2240,33,121,127,73,9,2,49,18,9,1,3,19,9,2499,3,13,13,Cash
97,62,47254,2082,4,299,147,267,1,2,5,16,77,23,21,14,9,4033,49,14,1,NetBanking
98,58,62362,1330,42,277,118,341,8,1,22,2,75,30,21,4,9,3289,37,11,2,Cash
99,46,35128,452,7,489,143,130,5,5,16,15,61,26,36,12,2,4833,58,1,13,Card
100,32,74383,1002,22,356,126,307,8,5,41,13,80,1,38,5,4,3853,40,0,6,NetBanking
101,62,80545,1455,33,375,156,475,5,2,10,11,16,13,33,4,9,2451,44,2,14,Card
102,18,97180,1848,17,417,152,63,5,2,24,11,2,3,32,16,4,4385,25,10,16,NetBanking
103,42,102958,258,24,157,72,340,1,2,18,10,72,48,39,6,8,338,23,1,0,Card
104,24,24865,2077,34,182,107,281,7,3,49,16,43,12,32,5,9,2824,44,0,8,Cash
105,26,17219,1056,28,428,137,250,2,4,18,7,42,35,11,1,3,1693,59,0,13,NetBanking
106,41,54809,2171,43,406,175,252,6,3,7,16,77,34,1,10,0,986,1,1,15,NetBanking
107,18,20287,503,41,130,33,27,4,5,4,19,57,43,27,6,9,3490,33,12,12,Card
108,61,49387,2952,39,121,19,492,2,1,26,10,81,7,9,7,4,2733,15,12,5,Cash
109,25,23512,615,22,36,74,196,0,4,5,1,88,1,21,4,0,3767,17,8,0,NetBanking
110,41,16342,2879,49,287,168,355,7,1,55,9,67,5,16,17,5,4076,34,12,3,UPI
111,28,78076,1487,17,201,175,153,2,5,16,9,30,30,25,15,9,2006,17,12,2,Card
112,68,34216,2679,34,391,157,271,1,5,35,10,13,9,2,13,9,3107,52,4,16,NetBanking
113,34,108070,1055,6,43,178,450,0,1,26,5,19,43,6,11,6,4468,58,8,1,Cash
114,25,94767,2299,46,48,98,373,3,1,18,3,7,20,7,16,0,3330,41,7,18,Cash
115,52,112829,1812,6,190,141,440,7,1,29,11,9,41,19,4,9,3041,44,12,19,Cash
116,52,41614,707,34,428,129,248,2,5,23,10,83,9,11,13,3,530,4,10,7,Cash
117,50,51258,2567,1,247,162,313,0,2,53,12,54,22,34,5,8,923,13,5,14,Card
118,22,108789,1373,10,397,93,307,3,1,14,4,86,2,16,14,0,4118,4,0,5,NetBanking
119,59,57078,1635,21,207,176,85,8,4,15,5,82,31,27,6,8,240,7,9,19,Card
120,56,98524,2725,5,365,48,197,0,5,49,0,61,19,9,13,7,1896,46,4,1,Card
121,58,111573,2482,2,249,177,342,1,3,33,5,87,9,21,17,4,3324,59,11,14,Cash
122,45,27219,1541,22,340,64,397,8,3,25,17,2,28,37,0,5,813,9,0,19,UPI
123,24,15235,1897,48,359,61,496,1,4,21,8,50,40,32,5,6,4750,23,6,11,Cash
124,26,57929,394,2,138,157,255,2,2,17,14,75,45,21,2,3,782,33,9,2,UPI
125,25,82444,854,10,175,39,139,6,1,23,7,31,33,36,4,5,4055,33,13,9,Card
126,29,23567,1494,34,291,128,483,2,5,57,18,33,36,12,11,6,7,20,10,13,Cash
127,51,116834,285,16,194,88,324,8,1,43,15,78,19,26,10,5,3773,4,7,13,Cash
128,50,85792,1369,48,484,26,420,5,5,17,5,80,7,14,12,5,4670,1,7,2,Card
129,65,80441,736,39,123,17,292,2,3,58,5,11,6,21,15,1,3139,54,6,0,Cash
130,40,99555,1391,22,111,71,88,8,1,14,2,33,5,29,17,4,3789,42,1,19,NetBanking
131,41,88698,629,12,205,13,81,0,4,29,9,7,10,39,16,2,4051,34,4,0,UPI
132,54,20415,2168,24,479,69,272,9,2,20,0,31,43,36,16,6,517,27,3,1,UPI
133,52,51159,893,47,302,26,200,2,4,30,13,48,17,33,10,3,3190,21,4,18,UPI
134,61,58925,2247,40,200,49,376,0,2,19,3,47,41,33,19,0,3102,24,9,9,Cash
135,57,20951,2899,38,189,7,384,1,1,53,11,78,28,34,9,5,4578,15,8,3,NetBanking
136,39,102388,577,10,206,58,439,7,1,39,5,92,24,18,15,5,2716,35,14,3,Cash
137,44,23007,1722,35,194,49,72,6,2,56,10,53,20,7,1,6,578,25,3,12,UPI
138,52,56832,1039,49,241,103,497,1,3,13,11,80,45,38,16,7,4482,55,14,8,Cash
139,18,73596,625,32,252,53,389,1,5,18,9,19,2,32,19,2,4507,9,14,6,UPI
140,52,45523,2481,7,181,62,21,8,4,23,17,81,17,27,9,5,1865,17,11,15,Card
141,54,103861,101,21,440,17,150,5,4,46,6,90,23,36,12,9,1376,21,7,17,UPI
142,64,101740,474,20,153,171,263,4,4,33,6,6,46,24,11,1,2938,13,7,2,Card
143,31,30524,2440,26,410,25,52,9,1,39,10,49,37,35,14,8,905,3,1,19,Card
144,20,34282,2984,4,499,131,26,5,4,40,3,73,9,16,6,1,964,4,13,19,Card
145,18,38930,652,46,243,29,72,8,5,18,19,50,26,23,12,2,1976,4,5,9,UPI
146,22,15077,2465,22,172,117,262,6,5,9,0,81,11,20,11,9,4759,43,4,15,NetBanking
147,43,35611,1625,15,52,160,474,9,2,33,12,95,6,1,11,1,4920,28,1,2,UPI
148,31,31984,1951,40,74,26,385,9,1,32,17,12,16,30,1,8,1887,7,11,10,Cash
149,56,29060,480,21,461,124,301,8,5,54,8,23,0,32,4,0,2447,26,9,9,Cash
150,44,97985,1746,15,26,144,478,3,3,17,8,54,49,29,1,4,991,11,3,15,NetBanking
151,26,99056,113,22,263,25,17,1,1,19,8,69,25,11,19,0,3556,24,6,7,NetBanking
152,32,58303,603,28,332,54,334,7,1,27,9,59,14,11,12,4,3959,43,12,8,NetBanking
153,32,74207,2378,14,145,156,99,3,5,6,1,36,32,23,2,7,3604,10,0,14,Card
154,43,90046,2108,27,31,73,217,8,3,35,5,3,36,23,10,7,1083,37,14,2,NetBanking
155,59,44287,229,41,35,120,301,3,2,56,14,58,46,10,15,7,434,13,8,3,NetBanking
156,30,108709,937,40,227,56,293,7,5,37,2,88,30,12,0,1,20,44,9,12,NetBanking
157,68,54711,2140,28,62,65,127,8,3,34,10,55,34,26,18,7,2922,42,11,11,UPI
158,49,26954,127,26,392,93,358,8,1,20,5,57,0,7,10,4,1925,39,0,8,Cash
159,56,88340,2213,49,480,86,184,9,3,25,2,17,7,9,8,0,1472,19,14,13,Cash
160,66,87101,1352,2,154,80,85,3,1,4,10,39,11,7,13,6,1099,51,11,18,NetBanking
161,69,86520,360,25,247,169,110,0,5,10,14,90,18,19,8,5,2637,19,4,6,Cash
162,49,102062,2146,3,130,108,423,2,5,10,12,68,24,7,6,4,389,12,6,15,UPI
163,21,117974,1572,8,326,179,160,8,4,24,19,55,31,8,15,0,3413,52,7,19,Cash
164,47,33574,1547,44,476,118,409,3,4,21,9,45,11,6,2,0,2615,22,1,4,Card
165,54,24184,559,33,179,157,279,4,4,11,5,76,12,13,18,5,1354,47,3,9,UPI
166,40,34096,400,42,350,83,467,6,5,27,14,1,27,27,3,9,4521,37,1,17,Cash
167,56,82728,2434,35,283,147,80,4,2,16,17,21,0,1,6,6,5,56,3,10,Cash
168,62,49016,729,6,244,169,189,3,5,26,17,83,5,7,11,9,190,30,14,6,UPI
169,32,26246,369,39,490,173,133,1,3,30,6,21,7,12,17,9,147,46,5,13,Cash
170,60,60558,2739,23,236,15,390,1,5,49,14,52,3,20,4,0,4500,12,5,19,Cash
171,46,33381,2093,25,475,131,302,3,5,16,17,82,4,27,9,8,4353,29,11,17,NetBanking
172,53,51455,1728,43,64,139,294,9,1,7,17,43,24,34,11,3,3550,21,12,10,Card
173,30,107263,1901,19,233,174,204,9,1,16,19,52,21,22,7,4,4919,11,1,11,UPI
174,49,19018,2991,5,78,30,408,8,1,35,8,67,27,14,18,1,4105,37,10,17,NetBanking
175,24,26302,961,11,151,57,237,7,5,58,1,44,38,1,14,9,1110,48,3,1,Cash
176,68,82506,1380,12,123,146,440,2,2,16,7,32,22,11,0,7,3833,58,3,0,UPI
177,39,56157,2280,10,214,179,439,8,3,40,19,10,3,35,2,1,4933,18,13,9,UPI
178,45,69917,1899,8,432,128,445,4,3,12,1,64,3,2,17,2,624,44,0,0,Card
179,19,107738,1806,24,176,48,284,2,2,35,10,79,46,4,17,8,4125,59,14,5,Card
180,59,111646,2660,28,117,136,470,4,2,49,6,69,20,2,1,1,2175,27,13,6,UPI
181,62,98122,2460,41,245,22,115,9,3,21,5,68,36,18,4,5,3149,37,1,16,Card
182,23,39519,675,36,431,6,30,3,4,50,9,28,40,1,0,3,1078,48,13,8,Card
183,45,111809,2103,37,224,104,73,7,1,43,4,53,1,36,9,6,3551,12,2,6,Cash
184,45,102487,1407,21,98,36,174,4,1,36,10,51,6,16,19,5,2352,23,12,16,Card
185,61,71819,2056,8,143,79,36,9,3,48,0,53,48,13,9,9,545,34,14,2,Card
186,61,95910,2834,9,490,116,320,7,2,17,1,4,15,27,4,8,1195,38,10,15,NetBanking
187,37,86324,2120,47,447,57,294,8,4,32,0,79,16,26,17,8,2069,23,4,4,Cash
188,47,20408,2312,15,237,49,157,3,3,41,18,17,19,9,14,9,3358,53,10,19,Cash
189,28,74379,2452,48,23,173,290,6,1,6,1,67,22,2,19,3,2438,25,7,17,UPI
190,45,40053,1755,46,109,82,335,1,5,24,19,74,33,35,7,0,616,4,14,0,Card
191,42,24446,1679,40,123,66,328,5,2,27,3,47,10,37,16,1,4244,30,5,3,NetBanking
192,56,15922,1947,18,412,77,173,7,5,20,11,56,33,24,11,7,3343,30,2,10,NetBanking
193,50,113723,2303,42,138,45,395,6,3,25,19,23,32,21,11,9,1811,13,5,19,Cash
194,18,66356,1490,20,152,79,415,6,1,2,17,18,25,38,0,7,171,42,6,8,Card
195,44,25789,1842,6,331,20,233,7,4,9,0,1,1,29,3,1,4142,49,5,7,NetBanking
196,69,112720,2025,12,115,123,281,6,5,28,0,35,22,20,7,3,625,14,9,7,UPI
197,30,81656,719,2,487,67,155,4,4,53,13,64,40,29,0,0,4063,56,5,4,Card
198,58,59028,1374,7,453,83,462,6,1,38,3,58,21,27,14,6,2254,47,0,11,Card
199,20,79484,1056,16,350,3,447,9,5,3,4,95,33,30,17,3,452,8,2,0,Card
200,56,47154,2039,3,162,64,365,2,4,20,10,59,14,25,0,7,1418,55,6,14,NetBanking
201,23,97870,2481,45,307,40,39,4,4,6,12,1,9,21,10,8,753,24,3,17,Cash
202,25,17336,1068,3,47,59,54,6,5,39,15,3,14,20,1,8,3372,18,11,5,Cash
203,44,118677,2658,27,297,62,284,8,1,33,12,67,41,0,0,2,2723,35,3,9,UPI
204,26,82779,1416,43,252,132,480,1,4,55,1,37,28,36,11,4,3010,25,6,13,NetBanking
205,54,34029,1143,40,36,60,43,3,3,1,15,83,22,12,15,5,2911,17,8,7,Card
206,50,74201,381,38,78,116,150,6,5,37,5,29,16,20,9,5,1225,32,13,2,UPI
207,68,47265,2944,33,109,75,436,0,2,6,13,89,8,8,17,9,167,56,10,18,UPI
208,59,117916,2266,28,218,122,327,1,2,45,0,33,49,16,14,7,3685,24,12,11,Cash
209,61,58872,1158,1,381,107,383,8,1,34,16,61,35,20,16,5,85,7,12,11,Card
210,41,61197,297,8,460,96,230,9,3,47,10,93,8,30,9,5,1677,13,14,14,Card
211,32,70180,2632,37,45,91,365,6,4,15,18,90,15,38,2,3,1982,27,1,6,NetBanking
212,49,38710,1182,32,44,158,31,9,2,45,2,4,35,21,15,6,4944,48,8,3,NetBanking
213,49,44486,2984,48,413,130,189,6,1,26,10,14,47,11,5,7,1486,5,2,8,NetBanking
214,41,86907,1284,43,320,62,445,5,3,57,4,91,32,5,2,2,441,36,5,15,UPI
215,58,86895,1108,37,358,49,376,2,3,14,16,33,30,15,8,6,270,26,3,12,Card
216,69,79435,2838,4,286,137,429,9,1,58,6,22,5,25,10,2,343,42,0,3,Cash
217,66,55631,1329,30,480,92,338,2,1,54,9,48,9,4,12,7,1206,45,8,8,UPI
218,66,116532,1135,6,200,159,240,1,4,7,10,3,15,8,17,0,3081,31,10,17,UPI
219,69,35103,589,46,475,124,412,5,1,46,2,87,3,39,3,0,1257,10,14,14,Cash
220,29,79772,375,19,379,61,47,3,4,58,19,85,21,13,7,5,2291,46,5,14,Cash
221,56,29382,2840,32,87,48,79,4,4,31,9,23,12,29,12,9,1532,26,7,5,NetBanking
222,19,99291,2389,9,370,153,125,2,5,24,9,68,15,25,9,8,3422,22,14,10,Cash
223,20,116195,1339,12,431,164,248,5,3,59,13,21,28,28,1,3,4362,12,14,7,Cash
224,66,18756,1374,11,478,136,344,2,3,31,11,43,5,18,7,5,1653,32,1,16,Cash
225,54,35609,225,46,340,58,450,7,3,29,14,95,25,7,5,4,4988,27,6,16,Cash
226,66,31478,316,16,68,101,157,8,5,42,9,85,10,22,15,0,238,33,5,17,NetBanking
227,34,115978,1308,1,194,112,18,3,4,32,9,26,23,34,17,5,914,53,1,3,UPI
228,66,54666,1346,45,71,173,297,8,4,17,18,41,28,30,16,8,1438,52,1,14,Card
229,19,90683,2642,21,121,62,397,6,1,14,0,99,2,34,5,2,3016,20,3,1,Card
230,19,114097,2574,30,235,39,59,2,5,40,9,38,9,31,12,2,1460,39,3,1,UPI
231,45,115420,1018,13,457,58,347,6,1,36,1,88,0,4,13,1,3079,41,2,9,Card
232,40,86315,1417,34,207,99,14,0,5,58,16,11,42,15,9,3,2258,40,7,2,Card
233,54,92834,2298,4,76,44,413,2,1,48,6,29,25,16,10,9,366,59,13,7,UPI
234,49,29153,2531,28,66,29,352,5,2,24,6,60,11,31,12,2,2991,13,6,19,Card
235,50,91325,1761,38,178,59,135,3,3,45,19,67,13,37,11,1,3741,14,1,6,Card
236,18,27999,407,31,193,71,84,6,3,54,8,65,24,31,8,0,85,44,2,11,UPI
237,36,70318,1459,27,261,92,174,2,4,27,1,61,7,19,3,2,2493,40,9,18,Card
238,19,15814,2069,5,301,9,287,0,2,25,13,19,42,1,6,9,4715,53,8,14,Cash
239,61,91077,2893,25,260,127,451,8,3,59,16,46,3,19,1,5,131,22,12,13,UPI
240,43,105474,991,3,389,134,333,5,4,32,0,49,27,17,6,8,903,18,4,15,NetBanking
241,49,17443,474,33,24,157,486,7,2,52,8,22,6,0,8,4,3456,48,1,13,Card
242,23,90993,2133,4,103,145,309,2,3,18,19,78,9,28,4,2,1221,29,2,2,NetBanking
243,49,90916,1464,25,327,144,299,7,1,46,18,57,35,28,14,4,1763,43,7,17,Card
244,21,88319,228,20,380,131,86,1,5,18,3,14,1,18,17,4,2804,16,3,5,Cash
245,28,32368,1114,34,478,21,307,3,2,37,7,44,25,39,3,4,1226,46,13,16,UPI
246,34,30328,1899,26,267,64,146,2,4,26,12,16,49,5,18,6,1284,35,1,13,NetBanking
247,55,71942,2816,5,73,90,115,9,2,9,3,97,13,38,19,4,689,53,1,13,UPI
248,41,106751,1481,35,180,36,104,0,4,35,8,77,15,7,6,6,4782,34,5,19,NetBanking
249,22,114131,616,28,453,62,144,6,2,8,8,12,42,23,7,8,4881,3,7,12,Card
250,69,42306,1618,29,441,170,77,9,4,20,17,55,41,19,16,4,4435,4,6,2,Cash
251,51,100451,185,9,430,76,156,1,3,54,11,51,16,13,12,1,4507,54,3,12,NetBanking
252,23,54915,1298,38,245,170,499,3,1,42,9,39,45,4,10,4,1996,5,1,1,NetBanking
253,39,52219,2458,6,34,13,487,8,3,22,10,33,21,39,0,7,4381,10,8,8,Cash
254,28,95879,1242,19,243,11,168,5,1,19,6,33,3,33,1,3,1109,52,3,12,Cash
255,65,79644,2574,44,80,54,393,7,3,30,8,29,18,15,16,1,4945,29,8,7,Cash
256,33,75279,2093,11,141,16,172,1,3,53,5,69,1,6,4,9,429,32,4,15,Cash
257,50,68028,2261,2,296,8,450,6,2,28,18,70,38,15,5,2,4126,31,13,2,Cash
258,26,119263,402,47,65,104,350,5,5,35,15,31,8,6,6,8,3781,2,11,12,UPI
259,23,15126,2891,44,472,59,198,8,4,43,14,80,18,26,14,8,602,12,14,3,Card
260,33,67329,687,44,409,57,424,6,4,11,6,31,15,13,18,7,439,27,11,17,Card
261,46,42632,1086,9,313,40,348,0,4,31,15,89,24,13,15,7,984,5,10,1,NetBanking
262,20,80310,1963,21,81,130,104,7,1,49,4,46,47,32,12,7,1918,37,10,19,Cash
263,37,70176,444,24,105,94,190,9,4,48,15,97,17,32,4,7,4507,27,13,14,UPI
264,53,101066,913,34,465,138,297,2,4,39,0,77,22,19,2,7,527,23,6,16,UPI
265,36,59327,2087,22,229,44,331,1,2,36,18,52,20,35,2,0,4405,33,11,9,NetBanking
266,43,83904,2948,3,97,139,196,2,3,30,4,10,10,6,18,5,2996,4,4,0,Cash
267,20,18797,1410,12,221,80,381,5,4,23,6,88,38,31,13,8,3467,59,14,5,Card
268,36,62882,2099,28,321,81,147,2,5,19,18,74,40,2,15,7,1361,21,1,2,Cash
269,37,28718,1777,30,416,2,139,9,4,12,4,41,3,38,16,2,703,24,5,18,UPI
270,49,49560,1427,26,242,178,203,4,1,15,16,95,24,28,3,0,662,44,6,6,Cash
271,24,91589,1192,48,241,140,325,5,1,31,7,77,31,23,12,1,364,31,13,12,Card
272,69,37116,2508,21,22,115,481,7,1,43,0,3,29,21,7,1,922,44,14,12,Card
273,58,51244,1109,28,497,90,282,6,4,37,1,59,44,5,18,6,3856,48,10,16,NetBanking
274,50,116721,803,26,25,23,361,7,2,37,14,52,25,23,4,5,175,24,12,0,UPI
275,57,16645,674,33,112,146,153,2,5,15,19,34,35,39,1,1,935,49,5,13,Cash
276,56,62523,1708,21,27,62,25,3,4,29,17,49,33,22,14,7,381,53,12,2,Cash
277,35,34256,1212,35,447,113,311,5,2,50,10,28,8,37,1,8,305,10,13,13,NetBanking
278,57,116376,787,34,254,128,432,6,2,43,9,83,11,9,10,6,4697,49,2,0,NetBanking
279,18,115158,2928,41,127,62,254,8,4,26,3,87,1,15,12,3,2390,49,9,15,NetBanking
280,28,68173,2732,47,180,38,424,0,4,44,4,96,37,10,9,0,2203,50,7,9,UPI
281,45,52430,2736,18,228,166,116,7,2,2,3,13,4,31,2,3,4807,2,2,12,Cash
282,42,54282,588,11,259,61,97,7,2,20,12,97,4,5,4,3,1465,31,13,3,NetBanking
283,67,78374,1447,23,350,129,138,5,2,15,12,98,21,23,2,7,3271,25,4,8,UPI
284,40,83244,593,48,352,173,404,3,4,52,17,97,4,32,5,3,402,4,8,13,Cash
285,48,26694,1767,22,69,156,384,2,2,4,1,69,3,11,12,3,4709,51,10,3,Card
286,47,71264,1737,17,30,149,350,2,1,22,15,67,8,26,9,1,2670,11,4,9,NetBanking
287,59,90060,118,5,370,122,13,5,4,50,0,61,28,37,18,9,1801,17,14,7,UPI
288,52,112416,2544,44,175,110,336,7,1,38,18,60,21,17,7,6,2650,44,6,2,Cash
289,24,72545,1100,11,89,13,419,6,3,23,8,71,26,38,17,3,176,2,10,6,Cash
290,33,54224,950,30,188,155,376,0,4,59,2,24,9,12,2,5,4544,6,13,9,NetBanking
291,43,117516,1488,15,291,100,315,5,3,26,6,63,15,39,16,2,742,9,6,2,NetBanking
292,65,112945,1454,27,87,135,405,6,2,51,9,86,41,29,7,6,2348,5,4,1,Cash
293,69,28224,1467,35,374,22,104,6,2,11,0,61,41,12,9,5,4402,20,1,14,UPI
294,66,55738,921,33,271,74,218,8,5,28,9,23,9,33,1,2,750,29,4,8,Card
295,19,40150,554,20,67,132,234,9,2,56,8,30,5,35,11,3,868,21,6,14,Cash
296,18,78731,1724,16,203,23,468,4,3,2,14,60,48,29,5,9,4062,9,6,16,UPI
297,65,64688,2872,34,339,119,357,0,2,59,14,18,4,24,1,4,3967,28,3,6,NetBanking
298,29,114929,810,2,206,70,489,1,4,8,2,96,5,1,2,8,213,55,0,19,Cash
299,22,88509,2290,35,109,84,330,3,2,29,4,56,46,35,16,5,1617,8,5,17,NetBanking
300,54,23577,1016,40,465,101,56,4,5,11,8,53,24,17,6,3,2530,31,12,14,Card
301,49,23070,2975,28,351,84,485,8,2,37,8,7,49,4,4,6,3333,20,14,17,NetBanking
302,26,23666,2752,47,158,161,190,0,3,18,6,97,3,18,0,1,1597,27,13,11,Card
303,58,72761,1596,39,376,28,115,2,3,55,11,69,39,17,7,3,511,8,2,7,NetBanking
304,52,51368,1540,6,108,136,208,4,2,50,8,92,47,31,11,4,252,54,10,1,NetBanking
305,36,21783,404,9,293,1,395,2,3,14,5,72,31,20,13,3,4133,21,4,1,Card
306,65,56914,835,20,38,165,115,3,3,54,1,79,34,9,15,3,628,28,3,4,NetBanking
307,33,85507,2438,1,490,63,289,2,5,10,8,52,9,36,9,8,3476,23,14,0,UPI
308,20,94026,2063,8,330,22,269,3,4,35,16,4,33,21,14,1,986,6,12,3,NetBanking
309,37,82526,2249,23,377,70,117,0,5,9,0,34,35,12,14,5,1725,3,1,5,Cash
310,41,85835,2109,3,393,125,28,7,1,35,18,69,5,16,9,7,2093,5,11,12,NetBanking
311,50,60765,2989,4,485,149,419,3,5,11,5,33,42,8,6,7,1701,9,14,18,UPI
312,41,34956,1061,25,173,96,468,6,2,44,4,69,45,23,2,6,304,7,6,10,Cash
313,69,102895,1126,47,409,163,305,1,4,12,1,38,15,13,1,9,4078,4,13,12,UPI
314,28,61240,2232,38,279,79,315,1,2,3,8,98,18,7,5,3,2280,39,4,7,Cash
315,66,52148,2475,15,127,5,180,5,1,53,13,26,33,36,8,6,4340,5,14,6,NetBanking
316,25,109270,2963,21,390,60,340,1,4,39,3,1,24,18,9,9,2807,11,13,12,UPI
317,53,19757,1573,35,304,120,204,5,3,14,3,4,30,27,3,5,2886,15,6,0,NetBanking
318,55,34097,2601,46,78,46,21,1,5,56,14,39,48,29,2,5,3454,34,8,5,Cash
319,57,25395,2047,14,144,178,204,3,2,28,7,54,40,6,8,1,1024,13,3,6,UPI
320,37,31241,2776,36,373,176,499,6,1,11,3,90,16,25,16,7,4312,54,4,15,Card
321,52,118892,1277,12,292,134,292,7,3,39,15,33,46,39,13,7,2975,48,8,14,UPI
322,65,42696,764,17,126,56,378,2,5,25,3,33,29,10,9,6,506,7,12,19,NetBanking
323,42,85480,111,39,318,110,191,8,3,21,15,72,38,13,12,8,4856,40,9,1,Card
324,52,61163,1256,9,264,157,459,1,5,10,11,20,30,20,11,7,2951,6,10,15,Card
325,42,34816,403,35,355,104,314,7,4,43,15,16,18,7,0,8,1053,56,13,16,Cash
326,46,64840,1863,13,469,77,153,7,3,15,18,21,34,2,18,8,2674,39,12,14,Card
327,35,117547,2930,15,437,146,395,3,3,19,7,45,28,27,18,5,2567,50,3,2,Card
328,63,67853,142,18,266,2,325,0,3,48,5,90,0,28,5,1,1904,30,4,3,Cash
329,35,39917,1043,33,27,8,191,0,4,22,9,87,3,22,12,6,4370,22,12,11,UPI
330,19,111731,2490,6,160,75,39,1,1,21,4,82,27,17,18,2,4587,25,4,4,NetBanking
331,52,36566,1449,27,381,125,93,8,5,52,17,62,17,34,12,6,4922,28,7,16,UPI
332,33,90452,2645,23,27,38,175,1,3,44,9,31,25,12,3,8,2894,54,14,5,Card
333,58,77823,2511,27,497,176,293,1,4,32,9,42,39,11,1,9,1100,20,12,9,NetBanking
334,53,35806,990,34,371,27,290,5,1,50,6,12,18,4,14,9,3661,39,14,17,UPI
335,50,90520,2574,46,113,20,105,6,5,23,17,65,5,38,11,1,1636,3,3,9,NetBanking
336,21,16759,1104,38,340,140,390,6,4,13,0,73,0,10,6,5,1455,5,3,5,Card
337,50,56949,120,14,446,43,275,8,5,5,6,3,7,10,19,5,3613,1,12,5,UPI
338,31,107374,506,36,58,31,453,5,3,4,0,90,32,30,17,8,38,15,6,19,NetBanking
339,38,17482,2766,8,100,91,307,7,1,28,14,9,42,30,12,8,3084,26,10,14,NetBanking
340,65,39442,1114,35,206,61,305,5,4,14,3,51,20,12,16,4,4239,3,4,3,UPI
341,37,48719,435,19,103,109,234,1,1,8,19,16,23,13,3,4,2731,40,5,15,UPI
342,25,73066,1938,30,107,91,342,0,3,9,9,88,24,24,13,8,2415,57,5,7,Card
343,24,108501,1247,14,261,163,370,4,1,57,8,78,46,32,19,7,758,41,11,6,Cash
344,20,17079,2546,20,361,95,383,8,1,51,1,3,42,32,12,6,4342,47,5,18,NetBanking
345,34,17717,2940,49,112,143,51,7,2,35,13,98,18,14,2,7,3116,42,13,16,UPI
346,50,74676,1927,25,105,144,312,3,1,37,15,97,28,15,17,5,764,34,9,12,UPI
347,65,42952,814,40,63,13,430,4,5,21,0,24,9,37,13,2,2422,52,4,14,UPI
348,29,101444,150,24,156,113,255,4,4,58,1,73,11,5,14,6,1314,5,12,1,NetBanking
349,68,57460,423,14,440,35,217,5,2,18,6,13,32,24,2,7,4302,31,12,9,Card
350,39,105397,888,26,93,149,246,2,4,33,9,2,6,14,0,7,3995,51,4,12,Cash
351,39,87847,240,38,55,158,31,4,4,8,19,71,16,3,16,0,4029,13,8,17,NetBanking
352,63,108607,569,23,120,48,194,1,3,51,0,21,9,3,2,6,3693,43,12,10,Card
353,47,104106,886,22,495,35,477,9,3,49,12,19,30,29,13,2,3185,1,7,12,NetBanking
354,55,33449,1925,48,175,86,251,0,2,17,0,89,5,33,2,1,2866,22,14,18,NetBanking
355,55,48536,1457,19,445,166,372,0,3,43,4,47,16,26,12,1,1317,15,3,4,UPI
356,62,79077,2016,46,274,159,292,9,3,31,15,22,49,30,14,7,700,26,6,2,Card
357,68,53258,1063,3,190,152,50,6,3,34,14,75,36,31,17,8,4383,18,7,18,UPI
358,25,63302,472,42,488,114,345,1,4,6,16,33,17,38,13,2,2201,48,11,12,UPI
359,44,43865,2641,19,235,177,171,3,2,22,15,32,25,8,2,2,1593,9,8,4,Card
360,44,21645,1792,9,189,100,169,4,4,14,12,64,48,7,18,5,3987,1,4,11,UPI
361,51,53000,2898,28,271,160,483,6,5,3,10,85,15,13,7,9,4945,43,2,13,UPI
362,38,41737,1279,20,379,99,98,1,4,12,16,39,7,32,3,0,4145,9,14,5,Cash
363,47,26485,2438,45,341,3,331,5,5,36,16,84,23,22,3,5,1230,23,12,8,Card
364,50,53565,1771,7,74,85,21,0,1,12,1,72,12,20,18,2,2612,43,3,16,Card
365,45,40522,205,14,475,125,433,6,1,45,12,42,28,11,10,3,3137,45,14,7,UPI
366,64,80155,1543,9,451,138,82,8,5,2,13,9,31,1,0,8,1908,58,9,12,UPI
367,50,70168,2817,19,110,83,85,4,5,2,10,25,23,12,7,2,1790,2,5,4,Card
368,22,67487,1781,47,297,25,355,4,4,15,9,89,15,3,14,0,2928,14,9,16,Card
369,65,27342,101,14,120,68,210,3,5,23,2,97,10,19,0,2,1088,38,10,2,NetBanking
370,36,55806,2736,38,174,61,19,2,2,29,16,2,31,13,6,6,2381,40,4,5,Card
371,21,63770,2791,36,396,29,361,8,1,17,14,19,5,29,19,6,4127,18,8,13,NetBanking
372,52,93623,2237,40,368,127,235,4,1,32,8,20,34,28,19,4,4963,16,12,14,UPI
373,66,118177,449,17,470,19,185,7,5,7,9,93,32,7,10,0,2945,53,10,13,Cash
374,34,114785,1386,30,383,171,285,8,3,30,7,70,17,11,13,7,3569,29,10,10,Cash
375,61,90629,1162,9,160,74,48,4,3,28,12,17,36,37,15,9,1165,44,13,10,NetBanking
376,45,67603,2306,33,192,61,69,9,5,14,17,89,12,25,13,7,600,11,2,8,UPI
377,47,96974,2459,25,29,171,75,8,2,44,4,68,9,1,11,9,2025,6,1,5,UPI
378,46,41399,544,14,247,153,330,1,3,30,5,94,36,39,16,9,1584,3,5,14,UPI
379,63,100382,2445,11,284,20,444,8,5,17,16,84,25,13,13,9,987,14,12,11,Card
380,23,96244,1051,35,457,48,133,3,2,32,10,3,45,5,9,1,1965,2,6,5,UPI
381,52,91534,135,41,267,87,173,5,2,46,19,87,16,39,13,9,1439,32,4,0,Card
382,58,70106,1207,14,266,152,417,5,4,6,15,51,0,30,17,2,4615,31,0,15,NetBanking
383,54,45678,1575,30,174,139,420,5,2,51,8,82,24,16,8,3,868,11,2,19,Cash
384,41,91218,1898,41,53,110,395,1,3,24,1,26,33,24,16,0,2063,22,2,14,NetBanking
385,46,78230,1945,4,148,28,168,6,3,6,4,56,38,31,5,3,1129,3,11,1,UPI
386,66,89055,1508,4,179,59,66,5,5,27,0,64,9,11,7,4,4378,50,13,16,UPI
387,63,71373,1295,28,108,133,87,0,5,18,3,8,19,12,12,2,4456,31,3,2,NetBanking
388,48,46480,1499,8,112,51,203,1,2,24,3,81,6,18,17,9,3729,33,13,2,Card
389,52,100230,1808,2,346,149,294,6,1,37,2,95,15,24,4,1,1934,24,9,4,Card
390,50,83836,1485,41,260,12,24,0,4,56,8,37,36,30,5,5,1076,1,5,16,Card
391,69,87258,2706,46,342,50,21,0,1,24,11,97,28,36,18,7,1639,44,4,16,Cash
392,38,54986,2288,22,487,132,110,0,2,38,9,27,11,24,3,6,1392,15,0,19,Cash
393,49,39160,1400,41,423,113,165,7,2,34,1,45,16,15,6,0,30,37,14,5,UPI
394,40,100595,2873,16,136,170,349,3,1,40,10,4,47,37,3,3,703,27,5,0,NetBanking
395,50,116358,1343,29,113,166,134,3,4,47,9,86,19,22,10,2,868,38,13,6,NetBanking
396,20,94111,620,49,182,153,368,1,1,15,5,90,25,13,11,5,232,48,13,14,UPI
397,35,79929,1906,48,118,14,289,0,5,11,17,96,47,5,13,8,950,27,8,6,Card
398,42,88506,109,30,132,32,414,9,3,22,1,88,18,24,12,8,58,44,10,18,Cash
399,59,49911,1083,12,378,139,403,8,5,54,1,99,46,22,9,6,2818,12,0,19,NetBanking
400,48,102127,2525,35,110,146,119,6,3,24,9,37,11,11,17,8,3600,3,7,10,UPI
401,20,46821,1756,11,365,155,343,3,2,1,15,96,20,12,15,7,3149,30,7,13,Card
402,57,90039,1760,46,225,55,366,5,4,18,11,71,41,35,4,4,301,32,2,12,Card
403,63,75535,2829,21,36,120,155,1,1,44,0,33,33,38,7,8,2850,23,14,19,Cash
404,41,99458,2731,21,293,75,225,6,4,12,7,31,6,33,13,6,2944,2,12,8,Cash
405,67,27175,2299,5,192,21,407,1,1,57,15,55,44,5,4,4,1923,7,8,8,UPI
406,49,69771,819,48,135,172,171,9,5,43,17,12,34,37,7,7,316,34,10,15,UPI
407,64,101925,1172,20,368,133,137,7,5,28,12,11,14,39,5,6,1888,32,12,11,Card
408,39,81358,958,37,487,87,323,7,1,40,14,88,0,7,15,8,2715,53,12,9,Card
409,40,32327,1416,3,200,169,341,0,4,7,11,72,25,7,3,9,4785,39,10,5,NetBanking
410,19,62057,1703,44,110,59,159,7,1,23,7,32,34,39,11,0,1881,32,7,17,Card
411,44,21150,149,33,101,89,463,1,2,21,9,57,24,32,10,8,3898,43,2,1,UPI
412,59,19425,2811,9,343,150,45,5,5,34,13,38,41,33,2,6,4113,43,9,19,Cash
413,19,31032,2678,9,468,83,182,0,2,11,4,60,14,14,11,0,1178,14,4,8,UPI
414,43,17198,245,4,133,65,429,4,5,22,17,86,21,35,4,0,3855,3,2,18,NetBanking
415,34,75500,1014,35,276,64,31,6,5,42,18,98,5,34,5,4,4873,46,4,5,NetBanking
416,57,68394,1562,17,77,71,215,9,3,35,14,19,14,21,18,7,4455,32,8,1,Cash
417,50,35079,2389,34,173,4,136,0,2,52,5,84,23,22,17,8,331,43,14,14,UPI
418,26,51220,680,24,384,143,345,1,2,29,10,56,20,39,15,5,527,36,11,16,NetBanking
419,60,56874,2834,32,423,104,454,6,3,42,10,14,6,21,10,9,2059,17,3,15,UPI
420,65,28859,1684,1,135,150,365,5,4,28,19,33,28,4,4,7,1098,48,5,7,NetBanking
421,56,65460,582,8,362,175,449,2,2,59,19,10,31,30,8,5,211,3,2,9,Cash
422,46,46419,1349,45,285,93,226,9,1,18,17,80,31,12,2,5,1714,57,2,9,NetBanking
423,59,23705,772,23,334,174,105,1,3,14,17,64,4,27,7,3,2688,10,4,17,UPI
424,43,57880,730,47,222,142,426,9,2,18,9,64,3,19,5,4,2330,53,7,9,UPI
425,52,38236,2808,40,60,178,438,3,4,28,1,62,21,32,3,1,3266,47,13,8,NetBanking
426,67,102955,761,12,124,148,173,2,2,24,8,68,17,15,11,2,1032,40,7,18,Card
427,42,100514,2952,12,408,178,157,6,5,8,13,91,34,28,11,2,1332,18,2,0,Cash
428,41,118145,2566,46,397,112,27,7,1,42,18,92,16,22,15,4,1840,3,7,3,Cash
429,30,30358,1087,47,212,161,303,1,3,54,9,43,49,23,9,4,4686,39,12,2,NetBanking
430,24,114713,1646,15,420,119,204,9,5,45,3,80,49,33,13,5,2138,10,10,9,NetBanking
431,53,109914,749,41,297,59,160,6,4,53,5,59,23,6,12,4,4551,52,12,11,Card
432,62,117870,1068,19,373,43,489,7,5,8,13,52,1,37,8,5,4091,9,7,17,Cash
433,37,91918,2737,26,256,12,374,5,5,4,3,97,12,36,6,7,443,46,2,19,Card
434,18,29596,1200,29,444,40,132,5,4,27,14,19,14,3,11,1,4174,55,9,5,Cash
435,25,48572,2656,22,240,118,409,9,5,36,15,21,4,33,4,3,1498,46,14,1,NetBanking
436,63,93757,540,40,87,20,196,0,3,5,6,22,2,21,17,5,926,11,12,9,Cash
437,33,16279,1020,21,216,166,462,3,2,33,16,9,36,4,3,4,622,33,14,1,Cash
438,31,78197,869,38,275,131,461,0,5,49,18,9,36,22,1,0,1479,36,9,8,Cash
439,29,77516,1443,20,158,156,158,3,3,34,18,73,36,14,2,8,3037,26,1,9,Card
440,68,22083,1926,29,331,90,113,1,2,30,16,27,2,30,11,2,3385,27,9,1,Card
441,40,32771,362,4,454,94,252,4,2,8,5,17,34,8,2,1,3318,38,1,7,Cash
442,32,44975,1677,7,168,13,471,9,5,39,10,44,22,24,3,8,233,22,8,16,UPI
443,45,60648,2784,28,118,66,240,8,3,47,15,45,27,24,5,6,1617,26,6,16,Card
444,51,63285,2606,28,95,37,488,9,5,26,7,8,29,20,11,4,2691,22,5,3,NetBanking
445,19,34063,1098,4,301,177,215,2,4,57,10,80,17,8,18,5,2030,5,6,17,NetBanking
446,49,82642,799,22,390,66,207,7,2,37,6,18,35,37,9,3,386,35,7,11,Cash
447,40,105093,2449,12,422,36,405,2,5,34,18,33,32,21,0,0,1634,2,11,16,NetBanking
448,39,101143,1703,45,128,26,409,5,2,7,9,1,25,22,16,3,4133,35,0,8,Card
449,68,52599,1341,3,207,75,346,3,3,40,8,76,47,3,15,8,1184,9,7,18,UPI
450,42,66920,1225,22,218,108,96,7,1,28,3,6,39,28,8,0,1967,51,2,13,UPI
451,39,43529,2701,44,322,168,151,5,5,39,14,41,16,14,8,9,240,51,2,13,UPI
452,39,50954,2435,2,346,43,326,7,5,39,12,55,39,0,8,2,561,49,5,16,NetBanking
453,66,42856,1290,24,173,150,208,0,2,28,1,5,6,29,11,4,1999,18,3,1,Cash
454,69,17573,2768,34,59,148,55,5,3,14,1,59,7,28,8,6,4901,43,3,7,NetBanking
455,59,93344,1105,27,152,8,297,0,4,53,15,80,30,19,14,8,1929,12,3,4,Cash
456,23,50367,135,41,424,29,24,0,3,50,8,18,11,32,1,5,4900,3,9,6,UPI
457,32,117337,843,1,481,40,53,7,5,38,12,49,47,35,10,2,2779,18,8,15,Card
458,60,114608,1864,8,151,158,410,6,4,4,2,82,30,21,10,6,1675,56,7,15,NetBanking
459,54,75774,452,23,298,128,178,2,3,42,8,65,43,12,7,3,2515,38,2,16,Card
460,50,38752,2022,38,381,84,319,5,1,18,12,83,18,6,5,2,1677,7,0,6,UPI
461,25,70029,172,6,103,116,53,8,2,44,1,54,9,7,19,6,4141,33,0,19,Cash
462,61,32685,2795,22,418,144,107,6,3,48,7,61,38,27,6,6,3746,6,0,7,Card
463,61,66693,1476,25,261,174,270,2,3,25,8,8,11,8,2,3,3356,18,3,7,NetBanking
464,22,70961,2014,18,135,62,118,5,1,7,15,3,19,24,7,6,1651,45,13,10,Card
465,56,91908,1193,17,128,7,292,3,5,38,1,25,36,15,17,1,4177,22,5,14,Card
466,21,89532,2572,12,240,45,381,2,2,28,5,69,47,9,16,0,3841,51,3,17,NetBanking
467,23,96994,807,6,411,176,352,8,3,5,7,55,40,10,10,1,2441,39,10,5,Cash
468,62,71133,1904,26,60,155,113,9,4,3,4,40,6,30,1,3,4885,51,10,11,NetBanking
469,49,112425,2708,27,387,88,265,1,3,44,8,83,13,11,18,7,594,9,2,14,UPI
470,69,76268,2975,8,166,73,388,0,2,31,0,82,10,30,6,2,2612,35,7,5,Cash
471,47,107201,1055,19,131,163,215,1,3,47,8,50,6,13,17,9,4096,23,13,17,Card
472,64,53243,2664,42,122,179,344,6,1,42,9,95,28,31,7,5,1496,12,7,19,NetBanking
473,52,72384,2575,1,65,37,52,9,3,58,3,33,9,16,13,5,3555,52,5,8,UPI
474,57,46653,259,29,431,119,362,0,3,20,2,18,28,34,6,8,4861,24,8,7,NetBanking
475,69,41657,2296,45,494,57,254,5,4,19,9,57,8,0,3,8,4766,50,11,13,Cash
476,33,54952,2923,49,343,8,296,6,1,48,14,16,35,28,16,3,3358,40,9,18,UPI
477,30,37180,1835,35,397,95,364,8,1,11,10,80,47,3,4,8,1601,9,0,18,Card
478,67,112432,1685,40,290,117,282,7,3,40,13,38,9,22,11,5,914,13,12,7,Cash
479,59,93411,166,14,440,110,485,5,4,3,5,41,18,27,8,1,1844,40,7,1,UPI
480,47,16622,2528,35,404,20,92,2,3,23,11,7,30,15,19,9,1995,54,5,3,Cash
481,36,63756,157,48,214,124,119,7,3,7,12,78,16,11,12,5,94,42,0,5,Card
482,34,55809,441,45,386,53,447,6,2,23,16,53,8,20,17,1,492,17,3,2,UPI
483,36,31725,1253,20,299,119,199,2,2,7,15,63,44,16,19,7,3069,7,4,2,NetBanking
484,45,76396,2874,49,302,12,480,8,4,46,2,89,32,39,8,3,149,17,6,18,NetBanking
485,43,66226,1295,13,59,177,297,1,5,34,1,32,33,12,3,4,1046,55,7,10,Card
486,54,96182,2917,38,466,17,433,2,2,42,10,38,44,31,7,7,2803,50,8,9,UPI
487,43,97565,2761,49,208,64,406,1,5,19,8,22,23,36,0,7,398,24,11,11,Card
488,40,44402,1332,46,183,42,260,0,1,58,2,16,8,14,16,5,4950,2,11,13,Card
489,26,19263,2501,49,496,94,221,3,2,9,17,52,6,11,8,3,4476,35,5,17,Cash
490,29,111523,1594,8,43,157,300,4,2,48,19,29,15,14,19,0,551,28,9,8,NetBanking
491,18,61828,1921,43,43,147,142,5,4,51,14,16,18,33,12,6,294,19,8,14,Card
492,18,62924,215,20,23,11,210,4,5,18,13,76,38,5,1,7,1143,33,3,2,Cash
493,64,89182,761,33,342,98,294,0,2,41,1,17,5,16,12,8,455,21,7,10,Card
494,51,108065,1565,26,309,178,335,2,2,48,16,64,49,19,8,1,1553,53,2,9,Card
495,49,74052,2600,39,460,71,418,0,4,45,7,91,10,8,19,0,168,10,3,17,Card
496,65,26664,1968,21,452,108,104,4,4,42,9,89,11,4,5,3,4805,53,9,3,NetBanking
497,42,50737,2434,49,490,58,287,4,5,25,17,13,41,22,0,4,1946,46,3,12,UPI
498,57,116332,1116,42,200,34,459,5,1,52,18,72,12,32,4,9,253,45,5,5,NetBanking
499,62,104563,410,43,267,20,438,7,1,14,7,56,11,37,2,0,2376,9,14,12,Cash
500,18,44373,307,41,135,50,334,9,3,44,7,5,20,13,3,4,1320,38,8,19,UPI
501,33,51397,2765,9,298,102,228,0,2,25,2,12,9,16,0,5,2883,6,5,4,Cash
502,56,101145,2593,24,384,138,98,3,5,19,2,41,19,18,13,2,3607,51,0,19,Card
503,22,116371,2817,37,88,160,81,9,2,39,11,3,49,32,8,6,2125,53,4,13,UPI
504,39,53709,732,49,370,52,256,0,5,55,16,99,35,0,3,5,3496,42,8,12,Cash
505,46,76120,2202,41,273,15,138,8,5,15,3,33,27,12,17,3,2240,55,4,13,Card
506,20,34250,756,17,200,84,221,6,5,16,16,86,23,26,13,2,400,35,5,7,Cash
507,29,36172,1523,24,337,131,437,6,2,27,13,50,4,5,3,4,2156,18,2,15,Cash
508,43,26555,2031,21,188,37,352,4,4,40,18,56,36,5,9,2,2376,53,7,12,NetBanking
509,33,102410,2662,39,332,126,105,6,2,10,8,9,11,32,2,9,362,19,9,14,Card
510,68,93617,1779,41,268,40,84,1,5,4,11,82,34,29,6,8,3938,5,10,18,NetBanking
511,54,68276,336,39,207,72,432,3,3,51,4,50,39,34,9,8,3851,25,12,0,UPI
512,39,72492,447,13,73,40,63,6,1,19,10,29,1,22,12,5,3412,11,3,1,Card
513,46,68002,2774,11,345,56,353,2,5,28,19,39,49,9,3,5,2306,10,3,17,NetBanking
514,31,104599,729,46,376,151,468,1,3,21,2,91,40,18,17,3,84,17,10,18,NetBanking
515,45,87355,1640,19,332,104,422,9,4,59,14,45,44,27,10,3,1824,36,11,7,UPI
516,22,106248,2103,11,157,139,63,1,5,47,13,17,38,22,3,1,3885,26,4,2,Cash
517,64,39762,1371,13,187,110,227,0,3,14,10,56,41,3,13,9,307,31,13,13,Cash
518,66,26046,463,46,410,136,25,4,5,33,19,98,8,19,17,3,4357,32,9,8,Cash
519,47,111999,2468,45,122,93,108,5,2,48,7,46,21,18,7,7,1921,21,14,7,UPI
520,63,43769,385,1,441,94,29,5,3,10,3,67,46,26,9,9,630,18,8,16,NetBanking
521,69,68302,248,40,104,56,55,8,2,19,11,69,4,33,4,1,4775,18,12,15,Card
522,22,38150,1207,44,336,60,460,3,2,30,7,14,11,3,6,8,4960,1,7,9,UPI
523,29,83247,2553,19,231,138,202,0,3,22,5,67,0,37,11,0,2371,14,6,9,Cash
524,33,19853,555,12,22,39,392,5,1,3,14,23,43,6,2,1,3300,8,4,5,Cash
525,43,109613,1866,8,403,28,67,4,3,37,11,94,21,6,3,1,3667,2,8,16,Card
526,43,104399,899,8,198,49,446,9,1,41,15,61,37,25,9,5,726,51,8,15,UPI
527,65,36792,1284,45,361,164,120,5,5,18,15,23,18,25,3,6,1648,15,9,14,Cash
528,38,74129,1112,12,322,125,138,2,5,11,19,27,15,18,14,2,4312,34,9,13,UPI
529,56,89478,2931,48,471,13,346,1,3,48,19,54,30,8,9,8,1269,36,1,3,NetBanking
530,53,82298,2607,33,495,36,203,5,5,2,3,10,2,19,15,4,4543,1,3,3,UPI
531,50,46987,1623,45,351,101,422,0,4,12,10,89,22,15,14,4,318,51,7,1,NetBanking
532,47,30850,2885,26,57,26,349,6,2,54,12,77,41,16,18,3,3475,21,12,10,Card
533,54,27112,2656,39,439,86,335,6,2,6,8,16,17,21,19,8,2778,42,13,3,NetBanking
534,40,39058,580,28,258,4,17,9,1,43,3,41,25,12,18,7,3058,1,0,15,NetBanking
535,27,60420,1786,5,188,82,38,6,5,59,11,98,12,11,17,3,4134,32,12,3,Card
536,22,53890,2261,8,472,166,121,9,1,40,8,55,17,9,11,3,1602,20,14,0,Cash
537,53,81017,2896,25,416,127,444,0,2,44,12,61,2,0,15,1,2256,54,4,18,Card
538,51,62304,1701,27,362,88,170,3,2,29,15,86,22,31,0,8,829,47,7,1,UPI
539,69,47921,2508,46,333,127,140,6,5,59,5,81,2,29,15,2,855,36,1,8,Card
540,48,16524,440,23,325,120,197,8,4,30,9,87,24,7,1,3,2648,39,1,12,UPI
541,27,115424,2917,30,49,22,172,4,4,2,12,49,26,20,14,6,1858,30,12,17,Cash
542,36,30048,2110,45,209,130,206,1,5,9,6,73,43,21,6,9,1102,7,7,15,UPI
543,49,50111,2908,47,376,31,484,6,5,47,18,52,26,17,0,7,2481,22,9,15,Card
544,18,52904,2596,23,44,119,373,9,1,2,18,2,38,1,4,7,1820,57,11,9,Card
545,22,69912,1966,49,131,11,213,0,5,29,16,96,24,8,9,3,4937,50,8,8,Cash
546,62,49008,934,47,430,46,221,6,4,33,12,50,23,2,3,6,2079,45,6,10,Card
547,21,15060,1303,20,454,96,118,5,5,10,12,86,7,25,13,9,3158,10,7,3,Cash
548,33,89666,1825,18,225,10,285,6,1,34,1,43,8,20,12,0,2440,56,4,9,Cash
549,41,98559,1789,18,204,168,82,9,1,44,9,77,45,29,0,5,3684,8,0,2,Card
550,33,70337,410,2,401,128,176,2,1,55,12,8,36,27,15,5,1255,27,3,5,NetBanking
551,19,28350,361,4,398,152,269,2,1,8,8,59,29,35,8,5,2957,10,14,2,UPI
552,66,39354,1542,30,66,99,252,6,3,37,0,65,18,25,15,1,3651,14,1,8,NetBanking
553,45,60186,505,33,393,172,284,1,5,54,13,81,15,33,18,7,2239,46,2,2,Cash
554,49,43145,2290,36,247,112,111,0,2,33,15,12,23,7,14,4,1939,59,11,17,UPI
555,44,49020,441,18,58,60,484,8,5,47,19,4,43,9,13,4,269,52,2,7,NetBanking
556,37,101123,1439,37,35,87,182,8,3,6,14,77,20,13,19,1,4830,54,8,7,Card
557,41,90186,343,19,41,145,180,6,1,44,0,95,35,39,9,3,4064,11,12,14,NetBanking
558,29,100469,589,47,232,65,150,6,3,40,16,41,39,14,11,8,4979,6,14,12,UPI
559,67,35581,111,28,329,57,406,2,4,45,12,7,38,16,0,8,3775,21,9,6,UPI
560,52,103929,660,40,168,106,197,9,4,19,14,87,46,17,16,5,1112,33,14,18,UPI
561,50,38051,141,20,475,9,450,1,5,32,15,88,5,31,8,8,648,19,3,7,UPI
562,50,66474,2825,49,260,22,95,6,5,27,15,69,4,37,18,3,1179,39,1,9,NetBanking
563,68,106748,693,33,291,141,485,8,2,1,1,69,13,22,17,0,2142,24,2,16,Card
564,60,84626,1552,12,78,89,61,0,2,43,16,81,44,22,6,1,16,18,2,0,Card
565,54,21960,1926,15,306,176,120,3,4,52,10,30,41,34,8,0,116,35,13,12,UPI
566,29,50772,1793,41,445,18,446,5,1,33,7,73,49,38,11,7,1545,52,6,12,Card
567,20,36520,233,39,221,115,374,6,3,40,19,6,3,14,6,8,3151,43,7,15,NetBanking
568,18,64481,1047,2,51,168,351,9,2,32,2,89,7,23,13,9,2693,37,12,8,Card
569,50,51408,172,29,462,145,52,6,2,5,11,19,23,27,14,5,4089,19,10,9,Cash
570,57,109006,498,41,181,143,220,9,1,17,19,80,10,15,14,1,1276,53,12,5,Card
571,27,72134,1528,10,274,106,465,1,1,8,15,85,16,15,5,5,3240,24,5,4,UPI
572,60,35491,2725,2,273,15,209,3,5,57,13,66,49,39,13,8,4942,56,3,1,Card
573,61,16341,229,11,28,63,307,4,3,42,15,10,20,38,1,2,3788,34,5,10,Card
574,46,59623,1911,13,484,167,355,0,1,34,16,16,25,5,7,8,371,22,12,8,Card
575,30,105327,2101,10,158,13,249,0,2,9,10,37,42,1,12,1,2807,4,10,5,Card
576,29,15338,365,14,499,81,124,9,2,56,16,79,47,12,5,4,155,57,0,7,Cash
577,48,86431,1660,18,29,32,35,2,4,23,18,77,43,8,4,1,2661,10,12,8,NetBanking
578,63,27254,2085,9,233,137,416,9,1,35,0,77,44,33,4,6,464,2,9,8,UPI
579,19,66860,892,39,292,40,308,2,5,50,11,32,26,16,0,9,4878,8,7,7,UPI
580,68,26344,2400,28,343,148,86,7,3,7,14,47,15,26,8,8,4899,33,0,11,Card
581,67,16750,2969,3,67,82,421,8,5,15,17,72,25,28,5,6,4315,59,14,7,NetBanking
582,52,69756,1412,20,455,77,146,0,2,53,13,43,32,36,19,4,1773,38,4,2,Card
583,40,82957,263,6,130,76,29,1,5,54,0,82,30,21,6,3,116,43,1,12,Cash
584,34,73053,194,27,172,172,449,9,2,20,12,36,47,23,8,3,2103,59,14,18,NetBanking
585,43,85855,1905,2,142,38,220,1,2,50,14,26,46,6,4,9,1374,28,5,1,NetBanking
586,25,30896,2980,29,424,71,249,3,2,25,6,10,5,33,13,7,3203,10,8,16,NetBanking
587,46,70761,1233,38,376,48,48,1,2,3,14,31,43,11,4,9,4403,45,4,15,NetBanking
588,43,77552,2483,3,121,18,444,6,2,55,19,97,7,22,7,9,3546,1,3,3,Card
589,27,92454,921,16,260,144,277,8,4,46,9,29,6,14,6,9,3977,34,13,17,Cash
590,43,105600,337,30,340,39,216,6,5,24,13,5,33,32,12,9,4317,3,1,13,NetBanking
591,51,42935,2528,40,210,89,488,5,4,34,5,77,43,12,12,9,1196,9,11,1,UPI
592,68,52641,2630,2,236,62,448,9,4,46,13,1,13,22,7,0,3411,5,2,12,UPI
593,58,44711,2060,17,70,141,471,0,1,22,11,87,15,37,10,4,796,42,5,19,Cash
594,24,85342,1148,41,311,109,276,9,1,11,10,3,42,31,17,1,3892,10,7,16,UPI
595,21,27182,1776,12,100,81,163,8,1,48,19,67,8,34,18,8,150,12,13,14,Card
596,67,102833,2629,35,402,134,51,4,3,8,18,71,9,0,5,6,3249,18,7,19,Card
597,62,71276,1063,43,107,77,420,4,1,39,1,35,16,4,1,9,111,58,4,4,Cash
598,28,34541,636,1,213,90,20,5,5,43,19,15,11,12,12,7,682,21,4,6,NetBanking
599,46,109457,1703,45,123,14,303,8,4,35,0,67,5,4,10,5,1161,21,9,17,UPI
600,53,97310,2079,15,290,95,107,7,5,49,7,93,18,31,0,8,2379,1,13,10,UPI
601,42,59813,227,26,115,54,436,7,1,46,13,30,42,20,1,5,4988,3,12,17,Cash
602,38,52198,191,37,442,132,284,7,3,38,8,82,40,23,16,6,160,5,2,4,Cash
603,53,23820,642,21,398,39,457,0,3,8,1,75,28,17,7,6,1425,25,14,12,UPI
604,27,39070,945,49,217,72,399,0,4,54,4,43,5,20,1,8,3661,58,6,17,NetBanking
605,54,84768,1781,31,20,25,439,7,5,37,7,60,24,9,5,7,277,49,14,1,Cash
606,26,26122,1951,25,426,77,381,4,2,27,15,40,23,23,4,0,3391,8,12,19,Card
607,41,95559,2594,23,397,160,239,8,5,28,15,65,24,39,15,3,1556,17,5,3,UPI
608,52,88543,489,24,186,166,378,1,1,40,12,29,15,20,7,6,4592,9,14,12,Cash
609,66,98441,2819,38,145,120,435,8,2,34,19,74,15,24,18,7,1915,32,0,15,Cash
610,52,56786,1984,28,332,53,229,7,3,32,14,92,5,22,15,6,4750,6,3,5,Cash
611,65,109934,142,21,100,156,74,8,4,15,0,95,36,21,12,2,3107,49,5,7,UPI
612,53,114804,353,43,437,131,364,3,4,44,2,19,20,3,19,3,302,40,10,15,Card
613,35,21737,1183,18,270,150,241,0,3,17,5,3,3,33,6,6,4533,21,5,12,Card
614,66,51062,2810,36,188,96,337,0,1,33,13,36,33,5,15,7,2773,7,10,3,UPI
615,56,69237,2614,35,496,166,452,4,3,47,3,43,27,27,15,6,4281,7,13,1,Cash
616,49,66571,2434,45,92,72,61,1,1,46,17,15,37,30,11,5,3245,47,14,8,UPI
617,41,40510,1640,9,160,62,383,7,2,52,14,97,40,34,13,8,4768,39,11,17,UPI
618,40,34426,2053,38,89,6,440,9,3,54,8,41,27,38,17,8,1000,54,11,16,Cash
619,49,52265,2925,30,281,32,385,4,1,16,17,90,16,22,17,6,3834,27,2,7,UPI
620,54,32850,2492,44,359,99,272,4,2,29,2,80,13,5,15,7,4006,8,5,14,NetBanking
621,29,81150,741,34,327,138,276,1,3,9,9,36,6,15,19,5,4778,9,11,8,Card
622,66,102312,2529,32,264,131,368,6,4,33,16,97,21,1,15,0,1718,28,9,16,NetBanking
623,30,104613,789,3,22,76,326,7,3,49,6,84,0,23,12,0,3830,15,5,1,NetBanking
624,40,89910,1376,3,356,177,333,9,5,29,14,77,28,16,8,5,3181,2,11,5,NetBanking
625,42,67375,2050,28,82,59,418,0,3,13,0,33,30,0,8,1,2882,7,8,4,UPI
626,52,50435,1179,44,68,31,405,1,5,21,10,5,29,5,12,7,998,47,8,16,Cash
627,58,111443,1586,15,95,93,163,9,2,58,16,78,14,4,3,0,284,18,1,1,UPI
628,47,72132,556,41,387,69,367,3,3,21,4,91,17,28,8,1,420,22,3,17,Card
629,34,93945,1082,23,194,52,375,4,2,5,6,87,34,11,14,7,2160,50,8,9,UPI
630,66,97050,2230,40,128,89,149,1,2,10,18,14,49,38,13,5,3065,10,14,9,UPI
631,37,110402,1222,11,202,127,436,0,1,6,14,68,29,2,18,9,2275,54,13,5,UPI
632,65,17983,248,48,211,169,60,8,2,56,2,83,33,0,11,1,1494,50,12,11,UPI
633,42,112241,1452,32,84,31,126,0,2,51,14,47,41,26,5,1,3884,33,3,16,NetBanking
634,39,35662,1279,36,356,84,430,3,3,57,4,54,10,23,2,6,4623,7,7,12,Cash
635,30,38510,289,33,470,127,55,1,3,13,11,4,26,18,19,4,2543,3,9,19,Card
636,36,93187,982,24,493,150,318,3,4,1,19,94,23,7,15,4,4126,14,11,15,Card
637,66,55998,2410,39,290,132,97,7,1,20,4,83,34,1,19,7,4257,44,2,9,Card
638,53,71846,499,34,119,13,217,7,2,57,2,95,38,29,16,6,1841,46,2,1,UPI
639,29,109071,2911,28,51,45,386,8,1,47,8,95,7,29,15,8,4800,36,8,1,Card
640,58,21640,708,37,371,127,278,4,5,46,8,9,17,38,5,3,721,13,10,6,NetBanking
641,36,59547,1895,7,147,170,98,6,2,8,6,53,12,31,7,9,1401,16,9,5,Cash
642,29,69620,1738,4,471,114,390,2,1,10,1,77,44,0,18,3,445,16,7,0,UPI
643,26,30317,1675,37,421,177,127,9,4,9,15,78,23,37,1,1,2791,54,0,11,UPI
644,24,22564,2932,1,388,20,63,3,4,49,8,60,22,12,13,2,4522,5,9,12,NetBanking
645,45,42345,2248,1,358,81,450,9,2,41,12,46,11,10,11,0,3767,52,13,11,Card
646,31,109223,1482,47,62,164,125,8,5,3,18,54,48,9,16,0,2551,25,1,18,UPI
647,48,94273,1503,20,391,129,127,9,4,11,19,74,29,25,14,6,1967,38,2,8,UPI
648,69,89859,919,19,438,143,269,9,4,12,16,95,30,19,17,4,3888,38,13,9,NetBanking
649,36,95765,919,29,97,17,84,0,5,10,5,37,27,16,15,2,4816,50,10,16,NetBanking
650,64,89038,519,10,333,152,489,1,1,25,3,23,21,16,12,6,2731,38,1,17,Card
651,33,67393,223,18,308,58,314,4,4,49,0,27,43,3,16,1,2629,39,2,7,Cash
652,22,81081,521,28,289,72,16,2,3,49,17,70,27,4,7,2,1964,56,7,6,Cash
653,52,117650,1608,35,181,109,375,1,4,25,18,90,12,22,0,0,1057,56,10,8,Card
654,29,44430,1697,43,208,23,131,0,1,11,8,66,24,9,2,7,4831,48,10,9,Cash
655,42,90532,867,47,266,174,20,9,1,54,12,61,43,27,15,1,757,41,11,11,NetBanking
656,69,42788,2144,31,407,72,357,2,2,36,7,77,45,32,1,6,1795,26,13,14,NetBanking
657,38,110505,2630,27,235,8,447,0,3,39,12,51,6,25,14,8,1643,59,5,14,NetBanking
658,53,63543,2666,11,334,59,498,0,1,53,14,50,44,28,0,5,4849,13,14,3,Cash
659,40,28919,2302,49,432,111,224,0,5,26,10,19,5,26,8,1,23,44,13,3,Cash
660,33,84346,2239,49,358,13,438,7,3,14,11,1,23,17,15,1,1239,51,6,0,UPI
661,56,111122,1649,38,409,167,288,2,3,39,13,40,18,39,3,8,4150,26,9,11,UPI
662,62,54974,2602,5,396,156,37,0,5,56,3,32,18,9,11,9,3097,55,14,1,UPI
663,59,31371,1864,8,452,16,244,6,4,40,0,22,35,4,0,7,1304,55,14,14,Cash
664,56,60084,2144,34,187,119,376,9,5,1,3,93,8,9,0,8,2542,1,12,16,UPI
665,31,44629,2745,48,358,2,322,2,5,56,18,66,47,20,6,3,3712,8,9,6,NetBanking
666,48,66184,609,12,212,145,35,7,4,54,8,40,35,23,17,3,3955,4,5,5,Cash
667,22,76916,1306,38,472,30,418,3,4,4,9,38,37,37,14,1,4529,21,0,11,Card
668,52,88972,485,1,302,103,63,3,4,30,3,48,39,2,12,9,4303,22,10,18,Cash
669,40,77187,1697,31,355,13,38,4,4,12,19,55,28,39,15,0,4228,51,2,0,UPI
670,46,27984,2552,4,409,96,476,5,4,56,8,75,23,30,6,9,1305,53,12,13,Cash
671,60,48039,2393,49,32,94,362,6,5,35,12,81,47,36,15,3,4464,58,0,3,UPI
672,28,100431,841,45,259,82,173,3,2,13,11,55,4,1,12,9,3174,37,11,4,UPI
673,35,98691,2808,5,339,13,279,7,2,52,10,51,41,1,13,9,3628,49,14,0,Card
674,64,73606,2797,30,465,171,343,5,1,31,11,60,44,38,16,7,781,3,9,0,Card
675,29,25616,2011,24,166,94,44,0,2,38,17,8,25,33,11,1,566,19,11,5,NetBanking
676,26,117665,1546,3,223,149,295,0,2,43,11,86,13,19,19,7,4622,1,8,4,UPI
677,27,65072,1000,11,99,112,357,8,5,23,15,68,38,32,12,0,4132,29,12,1,Cash
678,61,39574,2212,45,398,55,282,9,4,4,4,75,28,3,19,0,4273,23,8,4,Card
679,34,18430,2360,4,62,81,460,5,4,52,19,72,5,10,14,3,638,33,4,8,Card
680,55,27676,2109,26,477,168,217,9,5,16,11,9,6,4,3,6,3700,55,3,18,UPI
681,24,25816,341,27,108,116,247,7,2,7,10,90,36,24,1,8,4167,52,11,14,Cash
682,63,47733,2640,46,167,143,423,6,5,22,8,2,17,36,17,4,2399,41,8,12,Card
683,30,100680,2485,43,114,108,102,5,1,29,17,80,22,33,1,1,2670,23,8,11,Card
684,57,17050,2120,27,471,53,182,3,4,11,2,95,43,8,14,6,1172,5,14,4,Cash
685,59,48933,272,42,447,128,88,6,3,56,19,70,37,5,18,1,1720,7,2,1,Card
686,26,39951,771,6,170,158,119,8,1,33,16,85,0,17,14,8,104,57,4,3,Cash
687,67,47413,263,15,21,161,226,9,1,58,13,90,3,13,19,8,1682,58,2,17,UPI
688,44,49801,564,30,395,57,444,9,5,29,0,59,43,18,9,2,4316,6,9,9,Card
689,19,70619,596,42,41,52,367,6,2,59,16,19,46,13,19,7,1849,49,1,12,UPI
690,22,47913,799,37,390,137,115,0,4,39,7,28,34,39,10,3,862,22,0,11,Cash
691,46,55600,2542,37,332,111,56,9,3,12,4,72,22,16,9,2,3445,49,11,1,UPI
692,54,72775,802,42,347,1,190,8,1,7,4,14,26,34,4,0,2565,13,9,14,UPI
693,55,105816,2040,37,26,44,73,3,3,59,8,24,25,28,8,4,298,12,1,13,UPI
694,36,105093,2455,35,225,75,255,2,2,55,2,44,7,16,19,3,2908,4,7,9,NetBanking
695,25,50400,1891,23,459,98,253,3,2,39,18,56,42,7,18,0,4137,8,10,7,Cash
696,65,19494,282,6,394,9,431,3,3,42,8,90,15,0,12,9,770,37,7,14,Cash
697,62,95688,728,4,470,32,329,9,4,48,17,95,40,35,17,7,2539,31,2,12,Cash
698,18,104431,2657,18,133,15,96,1,2,26,15,51,2,6,16,7,1462,37,6,7,Cash
699,39,89691,1831,9,291,140,226,0,3,40,0,32,31,4,5,7,3854,45,6,13,Cash
700,69,112419,645,49,102,136,499,9,1,9,1,50,4,23,9,2,3118,26,1,0,Card
701,34,58001,1687,29,198,72,16,0,3,41,13,41,19,27,1,5,2132,43,8,12,Card
702,24,82364,723,13,229,155,287,7,3,34,13,66,13,16,5,6,1709,8,2,7,Card
703,42,60028,693,47,483,12,346,1,5,45,0,25,31,36,12,8,990,40,1,17,UPI
704,62,112659,843,17,347,65,219,9,2,13,15,61,25,19,17,4,710,33,11,8,UPI
705,21,52573,1868,45,143,107,178,4,4,55,14,66,46,2,6,8,4304,45,2,12,Cash
706,53,15806,1559,32,132,42,339,3,4,55,14,42,5,36,1,5,38,29,1,2,NetBanking
707,23,71638,2048,48,31,115,147,7,5,36,11,65,35,25,13,9,1275,5,14,17,Cash
708,48,44757,2701,22,145,139,450,1,4,25,15,36,39,14,4,9,4857,28,7,9,Card
709,36,49636,2168,4,72,103,400,9,3,24,13,76,4,7,17,9,1436,53,4,4,Cash
710,61,95097,2701,5,350,171,390,8,5,44,14,9,12,12,10,3,2993,40,2,5,UPI
711,56,63280,2544,37,408,95,315,6,1,17,14,36,31,2,9,0,1469,17,4,7,Cash
712,44,39262,2772,41,302,17,239,6,2,2,18,92,15,0,10,0,2099,55,10,6,Card
713,27,95435,204,49,159,160,484,0,2,13,7,38,0,8,1,9,373,23,10,17,Cash
714,43,77211,2339,13,420,85,317,1,2,31,1,33,12,30,14,4,4251,45,7,13,UPI
715,36,69842,116,34,409,168,170,3,3,29,1,42,10,25,6,2,4025,9,6,14,NetBanking
716,56,71979,492,45,116,151,10,3,1,50,9,61,7,16,8,4,1113,2,5,9,Card
717,20,96470,524,22,24,56,245,2,5,28,2,46,24,33,4,4,2726,32,13,11,Cash
718,62,53197,2276,23,76,134,446,6,5,27,16,86,39,8,6,0,2398,51,12,6,UPI
719,30,56844,671,3,431,86,197,7,2,15,7,89,31,12,19,7,3234,52,0,6,Card
720,67,79754,2176,42,353,178,427,1,1,31,3,61,23,4,1,4,1265,49,9,10,Card
721,45,116868,1220,34,88,102,13,3,1,40,13,18,27,12,2,4,3123,31,0,12,UPI
722,37,49157,341,32,137,165,410,2,1,15,9,70,13,0,1,8,653,7,0,14,Cash
723,45,92129,2379,45,395,54,141,1,4,33,0,82,44,24,18,7,4158,30,13,17,Cash
724,25,55042,888,49,78,177,436,5,4,20,3,80,2,3,3,0,508,58,9,6,Cash
725,58,76665,814,21,52,115,227,3,2,42,0,15,35,35,19,2,2339,3,13,5,Card
726,56,97856,858,46,337,139,269,5,1,12,16,48,26,9,6,6,3162,51,7,10,NetBanking
727,18,42376,2949,44,69,88,10,1,1,37,16,72,19,27,6,0,1687,51,7,7,Card
728,20,70554,875,21,387,49,80,3,5,9,6,13,46,5,16,0,1388,56,13,19,Cash
729,30,29199,2873,44,38,149,487,5,5,23,19,43,14,26,18,4,2197,9,6,0,Card
730,45,96412,2347,11,233,115,187,4,2,8,14,60,26,11,15,8,3911,10,5,7,NetBanking
731,66,65948,178,39,216,63,466,2,1,32,12,57,44,2,2,5,2928,46,3,7,Card
732,42,88781,955,4,398,104,198,7,2,48,1,71,40,32,14,9,4799,50,0,18,UPI
733,50,87750,2614,1,469,83,300,6,5,14,18,17,27,9,13,1,515,58,14,2,Cash
734,55,81262,2728,28,497,103,17,2,5,27,12,50,24,30,14,8,3658,47,14,4,Cash
735,23,61600,1539,24,66,156,262,5,4,25,10,32,41,14,13,5,1833,26,8,2,Cash
736,61,91898,2596,35,186,17,417,3,2,13,14,22,43,6,6,4,29,1,14,14,Card
737,62,77483,2234,13,471,6,476,4,2,55,9,55,45,35,2,4,3214,30,0,13,Card
738,49,33297,2248,47,308,147,301,4,1,21,8,57,32,13,16,2,325,57,3,14,Card
739,62,45448,1131,34,160,28,443,6,1,45,8,13,45,13,9,5,3766,38,2,16,Cash
740,64,41172,944,11,103,38,253,4,4,31,19,47,13,2,14,3,4111,15,6,17,Card
741,38,57874,186,36,201,119,132,2,3,37,0,87,7,2,5,9,110,25,4,1,Cash
742,33,22657,2190,17,410,37,308,9,3,48,16,62,47,21,16,1,106,6,4,11,Card
743,38,99386,507,35,98,115,292,4,3,58,11,54,13,18,16,2,2426,18,3,15,Cash
744,28,40425,2811,18,234,68,41,6,2,43,9,29,0,34,13,8,4378,1,0,3,UPI
745,54,41685,1768,40,33,177,343,4,2,54,4,22,15,11,17,8,4364,56,4,1,Card
746,53,39578,247,22,234,43,386,4,5,5,17,65,17,4,4,5,2531,3,3,13,Cash
747,52,43831,2424,24,422,164,155,8,2,13,14,29,6,9,7,9,3144,17,13,10,UPI
748,36,22906,331,19,147,58,165,2,2,28,5,48,14,32,6,9,4693,48,9,12,UPI
749,37,76413,2050,37,329,13,422,5,2,43,6,5,23,12,3,8,798,8,12,6,NetBanking
750,35,69028,465,39,496,52,25,0,4,25,16,35,48,34,17,3,2437,49,7,9,Card
751,64,22287,1774,21,267,58,364,9,2,51,5,74,12,31,4,4,2011,40,1,0,Cash
752,58,48660,535,8,423,32,56,4,1,35,7,83,8,10,15,9,425,17,7,3,NetBanking
753,66,90758,498,28,48,105,260,7,1,47,11,71,14,37,13,5,3044,25,0,17,Card
754,31,75504,1334,5,299,83,196,4,5,39,13,46,34,23,18,8,3288,41,12,5,UPI
755,32,74720,1514,17,357,99,40,8,4,7,11,35,23,34,13,4,2914,12,3,1,Card
756,48,117979,2646,37,338,104,269,5,1,38,9,45,32,18,8,7,1239,29,2,2,Cash
757,18,49701,2687,36,221,28,430,7,4,32,19,13,15,5,5,0,3391,25,4,13,UPI
758,20,98300,662,19,380,129,26,9,4,3,14,10,7,39,16,4,4213,51,12,7,NetBanking
759,33,32674,2589,27,76,170,48,7,5,45,6,66,28,34,18,9,3997,36,4,15,Card
760,40,98560,1384,34,411,48,313,2,4,39,8,70,22,3,11,0,3006,53,4,18,Card
761,28,38874,872,11,237,40,439,6,2,37,9,72,44,32,3,9,3039,54,11,17,NetBanking
762,29,58642,2497,45,81,97,483,6,4,55,9,25,30,12,15,5,598,25,3,5,Card
763,27,112820,2137,47,176,114,441,9,5,50,15,44,39,35,10,6,2087,29,7,13,Card
764,49,80160,2667,12,221,132,48,5,5,22,6,60,48,18,3,4,1184,11,2,2,Card
765,33,32602,1443,21,36,166,498,6,5,8,4,47,13,11,16,0,2750,4,11,15,UPI
766,25,118320,2285,11,341,155,141,1,1,17,2,40,29,10,7,5,2584,14,3,0,UPI
767,55,103801,1673,39,25,137,39,8,2,52,17,7,38,5,13,9,4759,46,0,11,Cash
768,29,40931,1091,28,77,111,167,9,1,27,10,46,26,11,1,4,3513,38,6,13,Card
769,41,109377,2515,5,344,144,287,9,3,33,14,23,46,26,10,5,4745,17,0,18,Cash
770,45,44192,1346,17,431,76,212,0,2,46,19,83,15,24,10,9,4054,2,14,18,UPI
771,25,61542,459,20,337,31,75,0,4,17,4,46,5,2,5,6,4383,8,1,8,Card
772,45,57520,1020,41,188,119,117,2,5,42,11,86,32,2,13,6,3936,36,10,6,Cash
773,53,79772,2476,46,472,142,277,2,3,12,3,13,43,19,9,1,1699,10,6,13,Card
774,43,73762,2610,12,101,25,231,0,2,48,14,21,17,27,7,2,4507,7,0,4,Card
775,25,65106,1062,6,493,34,301,6,1,46,8,1,15,22,6,5,2575,36,10,17,NetBanking
776,67,96121,1927,17,487,67,27,3,5,27,6,19,11,2,7,2,135,16,2,8,Cash
777,45,40559,2983,19,444,152,99,9,1,48,9,60,19,23,7,1,2025,14,12,6,UPI
778,45,48742,1713,26,452,118,190,1,2,8,12,33,44,39,1,3,3535,16,5,8,Cash
779,54,84669,1740,48,238,73,264,9,2,23,7,4,39,5,15,4,4854,25,5,3,Cash
780,58,95199,2316,44,196,26,464,4,3,42,11,3,28,19,8,9,2890,41,5,16,Cash
781,53,36754,316,44,223,148,262,5,4,49,18,91,29,10,12,8,2757,4,10,11,NetBanking
782,44,18972,477,32,90,104,266,8,1,59,0,52,25,31,11,2,3773,29,12,5,Card
783,34,85831,218,6,406,10,392,3,3,29,15,99,21,26,16,2,380,56,1,17,UPI
784,26,56873,289,36,285,67,451,1,5,50,16,28,32,20,1,5,1528,6,1,7,NetBanking
785,50,109661,2914,38,117,152,355,4,4,20,17,70,38,12,12,4,4901,1,5,14,UPI
786,37,24903,469,11,364,5,96,2,3,16,10,70,46,21,0,5,4571,39,9,2,NetBanking
787,30,18020,1901,33,310,27,99,1,1,17,17,55,28,34,18,6,3628,1,4,1,Card
788,45,56755,2296,24,227,113,246,0,2,16,6,57,21,21,10,2,848,51,13,8,UPI
789,65,100956,751,23,21,15,399,9,5,19,17,87,44,27,4,4,4992,40,6,7,Cash
790,46,101988,1982,15,143,163,79,1,1,56,7,97,12,20,0,7,4127,57,6,3,NetBanking
791,30,60648,1611,27,299,105,53,5,4,56,5,16,8,17,19,3,1927,3,4,1,UPI
792,63,118537,869,11,93,44,209,7,4,8,6,24,23,30,12,9,2165,1,7,13,Card
793,52,24516,2521,17,185,26,161,2,2,38,9,69,14,36,7,1,4286,1,9,1,UPI
794,23,17396,880,14,41,175,95,8,2,38,10,41,35,20,5,3,2121,39,5,1,NetBanking
795,35,99082,1816,27,173,162,28,8,5,53,12,77,12,13,16,1,4718,21,14,6,Card
796,68,34129,2307,18,446,95,110,1,5,29,8,47,26,24,11,2,2918,45,4,11,Cash
797,22,16591,2498,28,458,178,411,7,2,41,6,76,43,26,0,3,4681,30,3,5,NetBanking
798,64,26303,1411,47,314,84,104,9,2,36,8,69,36,39,2,3,472,32,6,17,NetBanking
799,42,45561,1349,47,238,140,263,4,4,26,12,31,6,22,13,9,1787,33,3,3,Card
800,19,86719,622,4,176,132,366,3,2,31,2,92,7,30,7,8,113,48,4,18,NetBanking
801,27,107108,621,7,249,87,39,9,3,44,2,92,36,28,10,9,1336,22,4,12,UPI
802,47,114616,882,45,39,176,258,4,1,12,0,30,40,29,13,5,338,30,0,19,Cash
803,67,101231,2420,35,494,112,435,3,2,55,19,18,13,25,7,8,2285,54,14,1,UPI
804,62,22314,1035,48,60,129,42,7,5,17,1,44,11,19,2,3,1196,46,0,7,Card
805,22,34623,2330,9,457,89,467,3,3,15,2,27,35,37,6,8,78,4,2,18,NetBanking
806,50,82675,1788,8,167,66,238,9,5,9,14,99,39,18,18,8,4559,23,14,8,Cash
807,18,111826,587,45,127,158,21,5,3,39,5,26,16,26,3,5,2652,55,13,3,Card
808,35,80082,1950,17,422,131,127,1,2,42,12,60,39,24,15,4,4657,44,10,15,UPI
809,49,98624,945,17,103,122,359,4,1,48,0,18,28,39,12,2,4380,25,2,18,NetBanking
810,64,48130,2271,49,386,149,164,5,5,12,19,97,26,37,19,4,4318,12,1,9,NetBanking
811,66,66756,2937,33,341,84,432,4,3,32,18,89,0,22,18,2,2640,17,11,5,Card
812,28,112624,2561,32,433,177,402,1,4,25,0,56,33,28,4,4,1256,53,1,15,UPI
813,38,41292,2103,8,328,116,255,6,2,39,1,31,3,14,4,4,827,15,5,9,NetBanking
814,43,101206,1848,19,309,116,414,3,1,18,14,59,23,2,19,1,2718,10,12,12,UPI
815,42,84274,785,38,425,38,341,7,2,15,13,2,20,9,3,8,4923,35,0,8,Cash
816,39,17469,2260,3,342,143,256,6,4,32,18,97,32,14,1,6,2810,55,5,6,NetBanking
817,44,68947,2269,5,153,110,38,6,1,6,10,39,6,15,12,5,3385,52,4,3,Cash
818,66,37534,1667,13,226,46,170,8,4,58,14,61,0,16,15,4,1965,52,5,18,NetBanking
819,30,78620,1345,47,302,25,244,0,2,44,5,63,40,18,1,3,2427,29,4,3,Card
820,50,63874,138,46,285,21,199,9,3,43,19,96,2,10,18,7,2841,12,6,18,NetBanking
821,51,64708,2644,31,92,121,126,5,2,52,8,18,43,4,16,1,613,1,0,18,NetBanking
822,58,89553,879,16,371,122,280,5,2,35,4,17,14,4,4,7,562,1,12,11,UPI
823,52,83344,1356,32,67,133,267,5,2,34,19,98,30,13,17,0,4826,10,2,12,UPI
824,18,64138,2296,22,345,70,189,5,5,38,1,39,15,25,17,9,4352,18,5,3,Cash
825,38,69302,2808,29,252,113,496,9,4,56,5,71,9,7,7,0,184,47,0,9,Cash
826,65,62638,2027,22,462,107,382,6,4,54,17,54,28,4,14,2,2192,2,12,6,Cash
827,23,93249,401,43,119,112,181,9,4,57,18,99,5,6,12,4,4065,49,10,4,NetBanking
828,45,17719,2385,3,78,108,447,5,5,5,8,94,28,15,12,5,245,8,10,16,NetBanking
829,34,37890,746,10,277,47,283,0,3,18,5,76,16,13,15,3,4086,22,6,17,Cash
830,22,92236,762,42,432,91,268,2,2,16,13,35,21,36,19,6,2234,22,3,10,Card
831,48,51509,2383,21,471,18,144,1,3,8,12,11,23,3,12,6,865,26,2,14,Card
832,22,57534,1859,16,84,149,180,5,5,25,10,61,16,35,19,1,2087,26,9,6,NetBanking
833,55,117302,2350,12,102,104,219,7,4,32,11,44,20,16,1,1,600,9,8,17,Card
834,20,107241,355,2,173,151,245,2,2,26,18,68,49,35,2,1,3033,21,0,5,Card
835,40,33787,697,41,492,40,431,9,1,52,18,25,10,5,14,1,2056,31,7,17,Cash
836,54,63845,761,24,285,138,430,7,1,22,18,48,6,15,18,8,2131,52,0,15,Card
837,54,72932,334,35,328,89,195,7,3,31,12,32,41,28,12,4,532,43,12,1,Card
838,27,107124,1468,30,98,61,426,4,4,43,13,84,38,35,4,7,2042,6,13,18,NetBanking
839,27,106659,2681,30,334,5,373,7,1,10,17,95,4,37,5,4,357,56,4,0,NetBanking
840,36,48062,869,47,169,122,452,5,3,56,11,4,43,36,13,4,377,14,9,10,NetBanking
841,34,90713,2688,35,454,55,104,4,5,57,3,38,47,9,3,0,2219,33,7,19,Card
842,38,102263,312,19,67,37,387,8,3,12,9,63,20,35,18,5,4488,7,5,4,Cash
843,31,110756,562,8,424,56,20,6,3,53,16,47,17,28,6,3,4797,24,6,15,UPI
844,26,75461,2583,26,398,102,77,7,3,28,3,1,34,13,3,2,3307,9,10,0,NetBanking
845,63,90418,382,49,267,93,388,0,2,6,11,3,19,3,1,5,2596,11,7,18,NetBanking
846,18,81672,1586,40,297,73,219,1,3,59,12,86,14,35,6,1,783,56,12,13,NetBanking
847,68,49832,1530,7,375,59,205,7,3,20,3,62,4,12,2,7,2379,23,5,2,Cash
848,62,46966,187,30,117,2,378,8,2,5,9,64,12,17,14,0,3603,48,10,1,UPI
849,30,87545,1167,7,433,104,107,3,2,23,2,17,11,32,0,8,982,51,5,4,UPI
850,21,27987,560,3,44,51,102,9,5,9,14,78,20,20,1,7,3942,2,10,16,NetBanking
851,18,52311,2425,1,303,30,481,9,4,58,1,62,36,15,9,0,2590,15,5,17,Card
852,66,46575,2568,36,468,11,31,8,1,59,16,35,5,14,15,9,1042,35,4,0,NetBanking
853,57,78852,1824,25,388,108,459,3,1,29,5,13,6,4,14,8,2538,36,7,14,NetBanking
854,49,16007,1476,37,320,76,181,9,3,16,7,35,25,5,14,1,861,52,12,8,Card
855,51,85981,2843,1,87,167,392,9,5,54,2,43,41,37,13,2,1876,54,1,4,Card
856,45,91242,614,15,26,90,143,9,3,46,17,2,47,2,13,1,1835,28,6,12,NetBanking
857,48,62517,802,37,324,123,435,8,1,22,0,56,7,11,5,7,4208,39,14,18,Cash
858,25,44257,1753,13,156,125,34,6,2,8,15,77,8,35,13,1,3526,44,3,9,Cash
859,56,102272,2166,40,183,122,194,1,4,59,6,51,26,32,16,9,1685,4,0,19,Card
860,43,57207,122,8,102,94,94,8,5,20,2,54,3,35,17,1,3401,10,12,13,NetBanking
861,51,28281,2560,5,404,103,64,3,2,51,3,16,20,32,19,0,1622,6,4,11,Cash
862,20,76246,1153,9,157,162,260,7,4,14,8,18,30,30,18,6,4957,57,2,10,NetBanking
863,67,16435,1930,1,439,31,153,6,5,39,4,7,20,20,16,1,2657,30,3,6,NetBanking
864,29,113875,2255,36,92,52,360,6,5,37,18,45,39,26,15,9,1932,54,6,16,NetBanking
865,18,115686,1404,35,256,89,407,7,1,50,14,36,24,26,7,4,507,46,4,17,Cash
866,61,106357,1234,2,65,76,176,0,2,34,7,41,38,7,6,4,4561,35,13,6,UPI
867,22,41660,2283,40,125,129,421,4,5,11,5,94,14,36,19,2,3478,49,14,19,NetBanking
868,47,20084,461,23,435,22,233,1,5,54,17,42,34,31,11,2,2656,43,3,5,Cash
869,47,97197,2276,9,307,40,229,1,4,40,18,7,48,25,8,2,1121,10,0,10,UPI
870,34,28507,1999,34,281,101,188,0,1,33,14,15,42,1,13,5,289,58,5,11,Card
871,65,87595,1384,46,195,111,128,4,3,31,6,60,40,11,19,3,2829,53,10,15,Cash
872,64,98807,614,14,185,129,442,1,1,59,9,40,36,21,0,2,2209,32,9,18,UPI
873,40,60539,548,4,164,65,274,3,3,54,5,83,41,16,9,1,4812,42,5,18,Cash
874,32,22491,2023,30,349,170,451,2,2,44,13,37,46,6,16,2,1400,42,6,10,UPI
875,54,65192,1606,31,389,149,438,2,2,34,16,66,27,3,16,3,566,3,0,15,UPI
876,38,95395,1347,38,302,79,159,1,5,50,8,55,13,36,16,5,1473,56,13,11,Cash
877,31,78888,1955,11,73,22,425,5,2,7,18,77,3,37,3,3,1987,26,3,7,Card
878,19,88609,973,35,197,166,462,1,5,58,4,95,19,31,16,7,3787,15,11,2,NetBanking
879,28,24077,2620,8,438,99,224,7,1,49,6,80,33,10,17,2,3865,17,8,1,UPI
880,68,35953,1528,3,263,8,206,7,2,54,18,56,11,0,19,2,3260,27,14,5,NetBanking
881,56,91919,2449,14,360,175,51,4,1,23,19,44,32,24,1,2,3547,18,11,15,Card
882,55,82889,2378,13,146,17,62,9,1,46,6,57,23,23,7,7,3251,51,13,19,NetBanking
883,51,38821,1854,45,428,17,489,6,2,56,1,6,19,16,12,3,1716,19,9,14,NetBanking
884,55,52567,1022,32,431,90,452,3,1,7,15,92,4,7,19,0,1012,12,5,13,Cash
885,67,39860,2259,34,386,141,339,0,2,54,12,32,37,26,14,1,1310,24,1,1,Cash
886,51,36195,1136,45,290,145,260,1,2,25,7,74,29,17,19,9,4570,5,3,19,Card
887,35,92475,1516,19,151,166,304,9,2,3,5,18,23,26,8,1,617,24,5,17,Cash
888,47,105874,2647,38,112,81,387,9,3,59,5,68,42,21,2,2,4736,27,3,13,UPI
889,32,102266,2745,16,398,78,280,3,1,38,8,73,39,15,2,5,4257,48,14,17,Card
890,44,36427,2381,2,92,173,464,0,4,20,3,7,6,1,1,7,1982,30,9,1,Cash
891,68,115732,2749,40,430,6,422,7,2,34,10,8,35,4,0,0,2228,15,6,0,Cash
892,51,42083,413,17,429,163,132,8,1,49,4,64,37,17,13,8,4820,47,11,19,Card
893,69,102046,2713,34,422,110,376,3,5,44,16,7,15,2,16,0,468,59,12,1,UPI
894,55,72372,2356,42,267,14,396,9,2,44,19,41,14,26,12,9,4116,38,2,8,Card
895,50,59064,2097,16,367,72,348,2,2,30,6,40,45,16,18,1,4355,44,5,8,Cash
896,41,22813,1137,38,292,143,275,1,4,17,14,3,22,15,14,2,1139,34,12,15,Cash
897,32,46598,1756,2,62,54,357,4,3,59,14,17,11,5,13,6,1436,27,14,10,Card
898,47,108106,2734,2,396,27,38,2,3,10,13,66,28,6,1,8,536,20,11,5,UPI
899,59,42082,1878,26,60,13,472,9,2,35,12,79,43,13,6,2,951,41,3,11,UPI
900,68,44241,1114,13,189,159,44,6,1,20,10,93,47,37,16,7,2813,32,2,2,NetBanking
901,34,111214,1193,47,453,163,15,5,5,18,12,52,14,39,17,8,3006,4,11,11,UPI
902,22,59569,1224,31,231,60,405,0,5,45,8,22,28,14,5,9,3994,5,2,0,Card
903,46,26745,797,34,187,6,120,7,1,44,9,4,44,32,7,6,1840,53,13,8,UPI
904,21,41029,2279,39,58,58,303,1,2,27,3,6,42,26,1,3,850,58,1,19,UPI
905,27,28025,1504,3,388,49,86,4,5,59,16,38,48,28,0,3,1971,8,10,5,NetBanking
906,34,116660,1255,8,264,151,358,8,3,59,13,26,20,36,15,3,1191,22,2,10,UPI
907,27,29288,1143,23,170,162,156,7,1,49,17,11,14,4,6,5,3920,42,12,2,NetBanking
908,34,104186,2029,14,130,26,76,1,4,36,10,90,13,28,10,3,4628,7,11,3,NetBanking
909,37,21540,2683,27,499,47,401,8,2,23,15,17,41,31,14,4,2062,22,13,9,UPI
910,41,112768,1113,29,455,5,17,4,1,32,0,88,43,5,12,8,3046,46,9,18,Cash
911,22,96958,326,39,66,20,131,9,5,10,6,92,15,1,1,6,4399,30,0,5,Card
912,51,83878,1928,39,82,134,349,5,2,11,9,99,14,5,13,7,3558,37,14,0,Card
913,23,56846,1592,1,244,59,184,2,3,38,8,31,41,3,5,4,4511,16,2,7,UPI
914,19,116148,921,17,385,146,397,2,2,6,2,77,3,28,8,4,304,15,8,7,Card
915,30,90932,2123,41,88,132,188,9,2,59,13,35,26,24,6,6,4908,5,3,5,Card
916,60,32482,970,30,318,17,94,7,3,41,14,16,22,8,17,7,2847,3,14,16,NetBanking
917,60,38411,2552,13,451,14,460,9,3,47,1,79,28,2,8,8,2435,23,2,18,Cash
918,65,65975,2349,21,309,13,54,9,2,34,13,18,40,25,3,1,2804,10,7,0,Card
919,28,75545,2185,19,315,135,145,1,3,36,15,62,8,26,8,2,1984,5,0,14,Cash
920,68,93797,1895,19,222,128,352,1,1,37,6,27,42,35,3,1,3936,23,4,12,Card
921,64,67307,287,25,80,44,25,4,3,17,3,35,42,31,11,9,712,15,0,2,Cash
922,40,18093,1180,22,453,119,342,5,3,40,17,45,6,0,3,6,2895,18,6,1,Cash
923,33,92258,1040,31,470,143,204,1,2,40,4,35,41,15,19,1,1681,25,4,2,Card
924,48,37042,2420,17,337,19,18,4,1,54,5,28,3,10,13,1,1333,8,14,8,NetBanking
925,28,67930,2730,23,333,63,325,6,4,12,6,9,4,25,6,1,3198,31,1,15,Cash
926,33,59413,2663,32,180,163,343,9,4,21,14,76,4,39,12,3,174,21,11,12,Cash
927,25,108623,625,10,350,81,342,9,5,40,0,15,10,0,7,0,3205,2,13,18,Card
928,21,112883,435,10,35,163,336,7,3,19,3,21,40,25,4,1,1416,22,0,17,Cash
929,57,48756,2845,36,357,147,24,6,3,3,0,52,27,27,11,2,1987,8,10,11,Cash
930,21,68268,1178,8,113,148,336,7,1,18,10,35,15,8,12,6,4853,23,14,11,NetBanking
931,42,54214,2647,20,323,100,111,8,4,53,17,97,40,21,19,9,1772,32,6,0,Cash
932,20,96871,2913,32,157,163,235,4,5,51,13,51,29,7,13,0,4266,8,11,19,NetBanking
933,49,43602,2683,14,357,160,434,4,1,19,10,83,3,26,17,5,1074,4,0,7,Cash
934,20,68331,261,28,57,122,287,9,3,47,9,55,1,38,19,2,4760,30,2,16,Cash
935,44,63901,693,46,146,176,417,3,4,6,16,87,45,18,3,2,591,19,10,19,NetBanking
936,46,114986,2038,24,294,44,122,8,5,16,3,77,2,24,17,3,2978,23,14,6,NetBanking
937,49,78416,2306,15,183,104,494,4,2,8,14,44,49,37,6,3,3982,18,5,8,UPI
938,67,47196,159,22,462,152,437,1,4,48,15,65,20,20,14,6,2410,53,14,16,Cash
939,68,20626,2001,30,338,61,10,9,5,18,12,93,5,23,5,2,847,29,5,9,NetBanking
940,36,22424,2358,4,96,125,275,7,1,52,8,88,42,23,15,7,493,23,14,3,Cash
941,38,27857,505,13,193,145,217,6,2,48,10,80,17,18,19,7,545,33,6,6,Cash
942,22,34982,763,23,406,71,119,7,5,43,10,25,43,1,7,6,4999,52,10,6,Cash
943,35,91961,1232,8,477,107,209,2,5,39,5,87,4,13,15,1,2286,47,13,7,Card
944,45,16980,1199,18,377,50,449,3,3,49,0,92,8,31,15,4,2697,18,10,7,UPI
945,59,63290,641,12,340,65,378,4,4,49,5,47,19,31,2,5,3837,54,0,15,Card
946,39,41431,1437,31,395,99,482,5,3,12,12,80,27,27,16,9,1540,44,6,11,UPI
947,38,99976,1097,14,110,32,315,0,2,45,4,56,25,38,8,3,883,33,1,14,Cash
948,23,97711,1240,34,257,164,21,3,5,10,14,38,17,39,2,9,3956,7,5,7,Cash
949,18,41385,967,18,283,141,354,9,3,7,17,11,18,39,19,4,3094,51,12,8,NetBanking
950,22,53158,2166,34,198,58,474,4,4,46,19,67,2,12,6,8,2365,28,7,2,UPI
951,58,38019,531,11,228,128,197,6,2,55,13,15,8,11,17,6,3347,1,12,15,UPI
952,29,33639,839,41,92,142,163,4,1,1,14,1,35,7,11,1,3071,56,4,14,Card
953,43,100530,1473,12,409,165,377,0,3,49,4,7,30,14,18,0,3675,39,9,3,UPI
954,63,114911,282,49,126,112,343,6,2,36,3,1,48,25,15,1,4715,34,2,19,Cash
955,51,36563,2260,15,364,68,434,7,1,21,1,49,16,11,16,2,952,39,10,15,NetBanking
956,66,54341,1306,31,314,40,429,6,3,37,6,96,22,26,19,1,3300,19,7,9,Card
957,31,20776,2628,49,388,144,386,3,2,52,9,73,33,17,14,2,3735,31,7,10,NetBanking
958,43,51444,1269,29,463,132,288,7,2,24,15,29,40,35,0,9,3179,13,3,4,UPI
959,62,83916,930,26,303,173,180,4,3,55,9,26,40,26,1,8,2963,57,7,10,UPI
960,44,23711,1751,18,372,90,143,9,2,25,17,87,4,8,7,3,4027,24,4,12,Card
961,26,89318,1236,32,201,28,462,8,5,7,16,45,14,38,1,8,3247,5,12,14,UPI
962,43,97970,2910,22,56,96,436,9,3,42,12,93,46,0,18,2,4415,23,10,5,NetBanking
963,64,100553,575,38,156,31,34,4,2,17,0,97,2,6,8,0,3357,19,4,15,Cash
964,39,45707,2910,17,357,3,27,0,1,29,0,71,18,25,8,4,4971,1,2,14,Card
965,64,54110,1426,23,75,136,199,8,1,30,14,12,27,6,12,9,4848,33,14,10,UPI
966,47,76788,1070,24,206,24,150,4,5,7,0,95,2,6,5,9,2704,59,6,19,NetBanking
967,60,97879,1119,8,360,15,52,5,3,33,5,32,37,7,14,1,1037,50,10,1,Cash
968,65,53827,1241,41,277,171,343,3,2,7,12,20,3,15,18,3,70,56,13,1,UPI
969,34,20655,1936,6,464,159,293,5,2,58,0,51,23,2,14,1,2874,33,10,11,Card
970,43,59859,260,5,77,45,155,7,1,24,4,81,30,9,17,1,105,32,8,15,UPI
971,53,68625,2548,44,382,8,324,2,5,11,8,36,44,6,6,2,769,59,8,18,UPI
972,18,67098,297,29,142,71,453,4,1,9,16,67,44,20,10,4,2009,28,0,1,UPI
973,25,30251,1383,28,207,108,328,1,1,12,15,1,10,36,7,3,2940,37,0,16,Cash
974,66,15526,759,11,249,115,450,1,5,35,7,27,36,30,5,1,2192,41,9,13,Cash
975,52,83760,1875,1,187,103,101,6,3,4,16,40,0,22,7,9,3495,12,11,15,UPI
976,69,62837,1170,43,439,125,188,9,2,36,14,97,8,26,1,1,4311,9,11,4,UPI
977,32,26536,2110,19,133,57,65,9,3,28,0,84,16,21,18,5,4355,50,10,9,Card
978,64,43541,498,9,271,30,164,9,4,57,11,14,0,38,15,6,933,55,14,16,UPI
979,39,94083,1833,27,126,146,169,5,4,13,4,69,2,26,6,9,574,11,4,12,NetBanking
980,31,66027,1682,34,56,114,120,3,4,23,5,87,46,3,9,5,3930,33,0,15,NetBanking
981,43,49531,2225,44,354,117,146,4,5,19,0,79,25,23,11,6,4380,19,3,8,Card
982,45,23712,2271,4,111,167,241,0,1,42,0,6,30,22,16,0,4087,54,11,3,Cash
983,40,119101,174,36,37,60,489,6,3,37,9,33,25,18,6,5,2531,57,0,15,UPI
984,31,80455,2284,18,373,98,477,7,2,39,9,55,22,2,7,2,2419,42,14,10,Card
985,41,89744,701,15,82,171,229,8,4,24,2,19,29,26,6,0,69,34,1,6,Cash
986,19,20109,936,13,169,126,490,7,3,16,16,77,9,2,3,7,4474,7,1,16,Card
987,62,64268,1628,19,158,173,77,4,4,33,18,29,7,27,2,3,1302,31,3,12,Cash
988,43,115737,599,49,205,151,311,2,4,12,10,61,43,16,18,9,3814,52,7,3,UPI
989,31,69615,1696,6,204,94,258,9,2,34,17,70,24,30,14,7,2349,2,1,13,Card
990,68,97503,237,48,224,134,491,8,5,7,1,79,21,9,3,9,254,19,13,9,UPI
991,24,44759,2197,12,279,122,332,5,1,11,8,80,14,21,8,3,1707,38,8,9,Card
992,20,100708,1894,37,233,108,419,4,5,31,16,24,40,29,12,3,4787,32,14,9,Cash
993,64,75112,1072,17,275,4,401,2,3,29,13,23,9,20,17,9,833,10,11,11,Card
994,40,117471,1742,23,154,93,15,5,5,13,3,10,19,35,15,3,2764,41,8,1,NetBanking
995,63,41589,1985,26,80,151,473,2,3,31,16,54,40,22,0,5,2471,8,1,8,NetBanking
996,60,45015,2401,29,382,6,289,9,3,2,16,41,46,37,3,8,3742,26,0,4,Card
997,64,44009,2128,33,329,32,441,5,1,39,11,49,22,11,17,4,2035,30,9,7,NetBanking
998,62,98309,2857,27,107,106,496,3,2,15,19,17,0,24,7,9,1967,11,14,13,UPI
999,35,77046,2000,25,343,146,103,1,1,57,17,56,1,19,19,7,99,41,9,6,NetBanking
1000,55,41143,2710,10,495,15,438,7,5,11,2,45,18,6,15,7,1852,20,8,6,NetBanking
